Fuzz Attempt Nr.,Date and Time,Iteration Nr.,Exit Code,Output Messages,Action Sequence,Map File Name,Map File Type,Map File Custom Attribute,Absolute Map File Path,Relative Map File Path
1,04-09-2023 16:22,1,1,None,SELDQSWRWE,originalMap_1.txt,.txt (Unformatted Text Document),None,C:/ST/JPacmanFuzz/fuzzresults/maps/previous_maps\run_1/exitcode1_crash/originalMap_1.txt,fuzzresults/maps/previous_maps/run_1/exitcode1_crash/originalMap_1.txt
1,04-09-2023 16:22,2,1,None,EELDQSWRWE,mapcopy_1.txt,.txt (Unformatted Text Document),None,C:/ST/JPacmanFuzz/fuzzresults/maps/previous_maps\run_1/exitcode1_crash/mapcopy_1.txt,fuzzresults/maps/previous_maps/run_1/exitcode1_crash/mapcopy_1.txt
1,04-09-2023 16:22,3,1,None,QELDQSWRWE,mapcopy_2.txt,.txt (Unformatted Text Document),None,C:/ST/JPacmanFuzz/fuzzresults/maps/previous_maps\run_1/exitcode1_crash/mapcopy_2.txt,fuzzresults/maps/previous_maps/run_1/exitcode1_crash/mapcopy_2.txt
1,04-09-2023 16:22,4,1,None,WELDQSWRWE,mapcopy_3.txt,.txt (Unformatted Text Document),None,C:/ST/JPacmanFuzz/fuzzresults/maps/previous_maps\run_1/exitcode1_crash/mapcopy_3.txt,fuzzresults/maps/previous_maps/run_1/exitcode1_crash/mapcopy_3.txt
1,04-09-2023 16:22,5,1,None,UELDQSWRWE,mapcopy_4.txt,.txt (Unformatted Text Document),None,C:/ST/JPacmanFuzz/fuzzresults/maps/previous_maps\run_1/exitcode1_crash/mapcopy_4.txt,fuzzresults/maps/previous_maps/run_1/exitcode1_crash/mapcopy_4.txt
1,04-09-2023 16:22,6,1,None,LELDQSWRWE,mapcopy_5.txt,.txt (Unformatted Text Document),None,C:/ST/JPacmanFuzz/fuzzresults/maps/previous_maps\run_1/exitcode1_crash/mapcopy_5.txt,fuzzresults/maps/previous_maps/run_1/exitcode1_crash/mapcopy_5.txt
1,04-09-2023 16:22,7,1,None,DELDQSWRWE,mapcopy_6.txt,.txt (Unformatted Text Document),None,C:/ST/JPacmanFuzz/fuzzresults/maps/previous_maps\run_1/exitcode1_crash/mapcopy_6.txt,fuzzresults/maps/previous_maps/run_1/exitcode1_crash/mapcopy_6.txt
1,04-09-2023 16:22,8,1,None,RELDQSWRWE,mapcopy_7.txt,.txt (Unformatted Text Document),None,C:/ST/JPacmanFuzz/fuzzresults/maps/previous_maps\run_1/exitcode1_crash/mapcopy_7.txt,fuzzresults/maps/previous_maps/run_1/exitcode1_crash/mapcopy_7.txt
1,04-09-2023 16:22,9,1,None,SQLDQSWRWE,mapcopy_8.txt,.txt (Unformatted Text Document),None,C:/ST/JPacmanFuzz/fuzzresults/maps/previous_maps\run_1/exitcode1_crash/mapcopy_8.txt,fuzzresults/maps/previous_maps/run_1/exitcode1_crash/mapcopy_8.txt
1,04-09-2023 16:22,10,-1,Invalid Move,SSLDQSWRWE,mapcopy_9.txt,.txt (Unformatted Text Document),None,C:/ST/JPacmanFuzz/fuzzresults/maps/previous_maps\run_1/exitcodeX_unknown/mapcopy_9.txt,fuzzresults/maps/previous_maps/run_1/exitcodeX_unknown/mapcopy_9.txt
1,04-09-2023 16:22,11,-1,Invalid Move,SWLDQSWRWE,mapcopy_10.txt,.txt (Unformatted Text Document),None,C:/ST/JPacmanFuzz/fuzzresults/maps/previous_maps\run_1/exitcodeX_unknown/mapcopy_10.txt,fuzzresults/maps/previous_maps/run_1/exitcodeX_unknown/mapcopy_10.txt
1,04-09-2023 16:22,12,-1,Invalid Move,SULDQSWRWE,mapcopy_11.txt,.txt (Unformatted Text Document),None,C:/ST/JPacmanFuzz/fuzzresults/maps/previous_maps\run_1/exitcodeX_unknown/mapcopy_11.txt,fuzzresults/maps/previous_maps/run_1/exitcodeX_unknown/mapcopy_11.txt
1,04-09-2023 16:22,13,-1,Invalid Move,SLLDQSWRWE,mapcopy_12.txt,.txt (Unformatted Text Document),None,C:/ST/JPacmanFuzz/fuzzresults/maps/previous_maps\run_1/exitcodeX_unknown/mapcopy_12.txt,fuzzresults/maps/previous_maps/run_1/exitcodeX_unknown/mapcopy_12.txt
1,04-09-2023 16:22,14,-1,Invalid Move,SDLDQSWRWE,mapcopy_13.txt,.txt (Unformatted Text Document),None,C:/ST/JPacmanFuzz/fuzzresults/maps/previous_maps\run_1/exitcodeX_unknown/mapcopy_13.txt,fuzzresults/maps/previous_maps/run_1/exitcodeX_unknown/mapcopy_13.txt
1,04-09-2023 16:22,15,-1,Invalid Move,SRLDQSWRWE,mapcopy_14.txt,.txt (Unformatted Text Document),None,C:/ST/JPacmanFuzz/fuzzresults/maps/previous_maps\run_1/exitcodeX_unknown/mapcopy_14.txt,fuzzresults/maps/previous_maps/run_1/exitcodeX_unknown/mapcopy_14.txt
1,04-09-2023 16:22,16,1,None,SEEDQSWRWE,mapcopy_15.txt,.txt (Unformatted Text Document),None,C:/ST/JPacmanFuzz/fuzzresults/maps/previous_maps\run_1/exitcode1_crash/mapcopy_15.txt,fuzzresults/maps/previous_maps/run_1/exitcode1_crash/mapcopy_15.txt
1,04-09-2023 16:22,17,1,None,SEQDQSWRWE,mapcopy_16.txt,.txt (Unformatted Text Document),None,C:/ST/JPacmanFuzz/fuzzresults/maps/previous_maps\run_1/exitcode1_crash/mapcopy_16.txt,fuzzresults/maps/previous_maps/run_1/exitcode1_crash/mapcopy_16.txt
1,04-09-2023 16:22,18,-1,Invalid Move,SESDQSWRWE,mapcopy_17.txt,.txt (Unformatted Text Document),None,C:/ST/JPacmanFuzz/fuzzresults/maps/previous_maps\run_1/exitcodeX_unknown/mapcopy_17.txt,fuzzresults/maps/previous_maps/run_1/exitcodeX_unknown/mapcopy_17.txt
1,04-09-2023 16:22,19,1,None,SEWDQSWRWE,mapcopy_18.txt,.txt (Unformatted Text Document),None,C:/ST/JPacmanFuzz/fuzzresults/maps/previous_maps\run_1/exitcode1_crash/mapcopy_18.txt,fuzzresults/maps/previous_maps/run_1/exitcode1_crash/mapcopy_18.txt
1,04-09-2023 16:22,20,1,None,SEUDQSWRWE,mapcopy_19.txt,.txt (Unformatted Text Document),None,C:/ST/JPacmanFuzz/fuzzresults/maps/previous_maps\run_1/exitcode1_crash/mapcopy_19.txt,fuzzresults/maps/previous_maps/run_1/exitcode1_crash/mapcopy_19.txt
1,04-09-2023 16:22,21,1,None,SEDDQSWRWE,mapcopy_20.txt,.txt (Unformatted Text Document),None,C:/ST/JPacmanFuzz/fuzzresults/maps/previous_maps\run_1/exitcode1_crash/mapcopy_20.txt,fuzzresults/maps/previous_maps/run_1/exitcode1_crash/mapcopy_20.txt
1,04-09-2023 16:22,22,1,None,SERDQSWRWE,mapcopy_21.txt,.txt (Unformatted Text Document),None,C:/ST/JPacmanFuzz/fuzzresults/maps/previous_maps\run_1/exitcode1_crash/mapcopy_21.txt,fuzzresults/maps/previous_maps/run_1/exitcode1_crash/mapcopy_21.txt
1,04-09-2023 16:22,23,1,None,SELEQSWRWE,mapcopy_22.txt,.txt (Unformatted Text Document),None,C:/ST/JPacmanFuzz/fuzzresults/maps/previous_maps\run_1/exitcode1_crash/mapcopy_22.txt,fuzzresults/maps/previous_maps/run_1/exitcode1_crash/mapcopy_22.txt
1,04-09-2023 16:22,24,1,None,SELQQSWRWE,mapcopy_23.txt,.txt (Unformatted Text Document),None,C:/ST/JPacmanFuzz/fuzzresults/maps/previous_maps\run_1/exitcode1_crash/mapcopy_23.txt,fuzzresults/maps/previous_maps/run_1/exitcode1_crash/mapcopy_23.txt
1,04-09-2023 16:22,25,1,None,SELSQSWRWE,mapcopy_24.txt,.txt (Unformatted Text Document),None,C:/ST/JPacmanFuzz/fuzzresults/maps/previous_maps\run_1/exitcode1_crash/mapcopy_24.txt,fuzzresults/maps/previous_maps/run_1/exitcode1_crash/mapcopy_24.txt
1,04-09-2023 16:22,26,1,None,SELWQSWRWE,mapcopy_25.txt,.txt (Unformatted Text Document),None,C:/ST/JPacmanFuzz/fuzzresults/maps/previous_maps\run_1/exitcode1_crash/mapcopy_25.txt,fuzzresults/maps/previous_maps/run_1/exitcode1_crash/mapcopy_25.txt
1,04-09-2023 16:22,27,1,None,SELUQSWRWE,mapcopy_26.txt,.txt (Unformatted Text Document),None,C:/ST/JPacmanFuzz/fuzzresults/maps/previous_maps\run_1/exitcode1_crash/mapcopy_26.txt,fuzzresults/maps/previous_maps/run_1/exitcode1_crash/mapcopy_26.txt
1,04-09-2023 16:22,28,1,None,SELLQSWRWE,mapcopy_27.txt,.txt (Unformatted Text Document),None,C:/ST/JPacmanFuzz/fuzzresults/maps/previous_maps\run_1/exitcode1_crash/mapcopy_27.txt,fuzzresults/maps/previous_maps/run_1/exitcode1_crash/mapcopy_27.txt
1,04-09-2023 16:22,29,1,None,SELRQSWRWE,mapcopy_28.txt,.txt (Unformatted Text Document),None,C:/ST/JPacmanFuzz/fuzzresults/maps/previous_maps\run_1/exitcode1_crash/mapcopy_28.txt,fuzzresults/maps/previous_maps/run_1/exitcode1_crash/mapcopy_28.txt
1,04-09-2023 16:22,30,1,None,SELDESWRWE,mapcopy_29.txt,.txt (Unformatted Text Document),None,C:/ST/JPacmanFuzz/fuzzresults/maps/previous_maps\run_1/exitcode1_crash/mapcopy_29.txt,fuzzresults/maps/previous_maps/run_1/exitcode1_crash/mapcopy_29.txt
1,04-09-2023 16:22,31,1,None,SELDSSWRWE,mapcopy_30.txt,.txt (Unformatted Text Document),None,C:/ST/JPacmanFuzz/fuzzresults/maps/previous_maps\run_1/exitcode1_crash/mapcopy_30.txt,fuzzresults/maps/previous_maps/run_1/exitcode1_crash/mapcopy_30.txt
1,04-09-2023 16:22,32,1,None,SELDWSWRWE,mapcopy_31.txt,.txt (Unformatted Text Document),None,C:/ST/JPacmanFuzz/fuzzresults/maps/previous_maps\run_1/exitcode1_crash/mapcopy_31.txt,fuzzresults/maps/previous_maps/run_1/exitcode1_crash/mapcopy_31.txt
1,04-09-2023 16:22,33,1,None,SELDUSWRWE,mapcopy_32.txt,.txt (Unformatted Text Document),None,C:/ST/JPacmanFuzz/fuzzresults/maps/previous_maps\run_1/exitcode1_crash/mapcopy_32.txt,fuzzresults/maps/previous_maps/run_1/exitcode1_crash/mapcopy_32.txt
1,04-09-2023 16:22,34,1,None,SELDLSWRWE,mapcopy_33.txt,.txt (Unformatted Text Document),None,C:/ST/JPacmanFuzz/fuzzresults/maps/previous_maps\run_1/exitcode1_crash/mapcopy_33.txt,fuzzresults/maps/previous_maps/run_1/exitcode1_crash/mapcopy_33.txt
1,04-09-2023 16:22,35,1,None,SELDDSWRWE,mapcopy_34.txt,.txt (Unformatted Text Document),None,C:/ST/JPacmanFuzz/fuzzresults/maps/previous_maps\run_1/exitcode1_crash/mapcopy_34.txt,fuzzresults/maps/previous_maps/run_1/exitcode1_crash/mapcopy_34.txt
1,04-09-2023 16:22,36,1,None,SELDRSWRWE,mapcopy_35.txt,.txt (Unformatted Text Document),None,C:/ST/JPacmanFuzz/fuzzresults/maps/previous_maps\run_1/exitcode1_crash/mapcopy_35.txt,fuzzresults/maps/previous_maps/run_1/exitcode1_crash/mapcopy_35.txt
1,04-09-2023 16:22,37,0,None,SELDQEWRWE,mapcopy_36.txt,.txt (Unformatted Text Document),None,C:/ST/JPacmanFuzz/fuzzresults/maps/previous_maps\run_1/exitcode0_accepted/mapcopy_36.txt,fuzzresults/maps/previous_maps/run_1/exitcode0_accepted/mapcopy_36.txt
1,04-09-2023 16:22,38,0,None,SELDQQWRWE,mapcopy_37.txt,.txt (Unformatted Text Document),None,C:/ST/JPacmanFuzz/fuzzresults/maps/previous_maps\run_1/exitcode0_accepted/mapcopy_37.txt,fuzzresults/maps/previous_maps/run_1/exitcode0_accepted/mapcopy_37.txt
1,04-09-2023 16:22,39,0,None,SELDQWWRWE,mapcopy_38.txt,.txt (Unformatted Text Document),None,C:/ST/JPacmanFuzz/fuzzresults/maps/previous_maps\run_1/exitcode0_accepted/mapcopy_38.txt,fuzzresults/maps/previous_maps/run_1/exitcode0_accepted/mapcopy_38.txt
1,04-09-2023 16:22,40,0,None,SELDQUWRWE,mapcopy_39.txt,.txt (Unformatted Text Document),None,C:/ST/JPacmanFuzz/fuzzresults/maps/previous_maps\run_1/exitcode0_accepted/mapcopy_39.txt,fuzzresults/maps/previous_maps/run_1/exitcode0_accepted/mapcopy_39.txt
1,04-09-2023 16:22,41,0,None,SELDQLWRWE,mapcopy_40.txt,.txt (Unformatted Text Document),None,C:/ST/JPacmanFuzz/fuzzresults/maps/previous_maps\run_1/exitcode0_accepted/mapcopy_40.txt,fuzzresults/maps/previous_maps/run_1/exitcode0_accepted/mapcopy_40.txt
1,04-09-2023 16:22,42,0,None,SELDQDWRWE,mapcopy_41.txt,.txt (Unformatted Text Document),None,C:/ST/JPacmanFuzz/fuzzresults/maps/previous_maps\run_1/exitcode0_accepted/mapcopy_41.txt,fuzzresults/maps/previous_maps/run_1/exitcode0_accepted/mapcopy_41.txt
1,04-09-2023 16:22,43,0,None,SELDQRWRWE,mapcopy_42.txt,.txt (Unformatted Text Document),None,C:/ST/JPacmanFuzz/fuzzresults/maps/previous_maps\run_1/exitcode0_accepted/mapcopy_42.txt,fuzzresults/maps/previous_maps/run_1/exitcode0_accepted/mapcopy_42.txt
1,04-09-2023 16:22,44,0,None,SELDQSERWE,mapcopy_43.txt,.txt (Unformatted Text Document),None,C:/ST/JPacmanFuzz/fuzzresults/maps/previous_maps\run_1/exitcode0_accepted/mapcopy_43.txt,fuzzresults/maps/previous_maps/run_1/exitcode0_accepted/mapcopy_43.txt
1,04-09-2023 16:22,45,0,None,SELDQSQRWE,mapcopy_44.txt,.txt (Unformatted Text Document),None,C:/ST/JPacmanFuzz/fuzzresults/maps/previous_maps\run_1/exitcode0_accepted/mapcopy_44.txt,fuzzresults/maps/previous_maps/run_1/exitcode0_accepted/mapcopy_44.txt
1,04-09-2023 16:22,46,0,None,SELDQSSRWE,mapcopy_45.txt,.txt (Unformatted Text Document),None,C:/ST/JPacmanFuzz/fuzzresults/maps/previous_maps\run_1/exitcode0_accepted/mapcopy_45.txt,fuzzresults/maps/previous_maps/run_1/exitcode0_accepted/mapcopy_45.txt
1,04-09-2023 16:22,47,-1,Invalid Move,SELDQSURWE,mapcopy_46.txt,.txt (Unformatted Text Document),None,C:/ST/JPacmanFuzz/fuzzresults/maps/previous_maps\run_1/exitcodeX_unknown/mapcopy_46.txt,fuzzresults/maps/previous_maps/run_1/exitcodeX_unknown/mapcopy_46.txt
1,04-09-2023 16:22,48,-1,Invalid Move,SELDQSLRWE,mapcopy_47.txt,.txt (Unformatted Text Document),None,C:/ST/JPacmanFuzz/fuzzresults/maps/previous_maps\run_1/exitcodeX_unknown/mapcopy_47.txt,fuzzresults/maps/previous_maps/run_1/exitcodeX_unknown/mapcopy_47.txt
1,04-09-2023 16:22,49,-1,Invalid Move,SELDQSDRWE,mapcopy_48.txt,.txt (Unformatted Text Document),None,C:/ST/JPacmanFuzz/fuzzresults/maps/previous_maps\run_1/exitcodeX_unknown/mapcopy_48.txt,fuzzresults/maps/previous_maps/run_1/exitcodeX_unknown/mapcopy_48.txt
1,04-09-2023 16:22,50,-1,Invalid Move,SELDQSRRWE,mapcopy_49.txt,.txt (Unformatted Text Document),None,C:/ST/JPacmanFuzz/fuzzresults/maps/previous_maps\run_1/exitcodeX_unknown/mapcopy_49.txt,fuzzresults/maps/previous_maps/run_1/exitcodeX_unknown/mapcopy_49.txt
1,04-09-2023 16:22,51,0,None,SELDQSWEWE,mapcopy_50.txt,.txt (Unformatted Text Document),None,C:/ST/JPacmanFuzz/fuzzresults/maps/previous_maps\run_1/exitcode0_accepted/mapcopy_50.txt,fuzzresults/maps/previous_maps/run_1/exitcode0_accepted/mapcopy_50.txt
1,04-09-2023 16:22,52,0,None,SELDQSWQWE,mapcopy_51.txt,.txt (Unformatted Text Document),None,C:/ST/JPacmanFuzz/fuzzresults/maps/previous_maps\run_1/exitcode0_accepted/mapcopy_51.txt,fuzzresults/maps/previous_maps/run_1/exitcode0_accepted/mapcopy_51.txt
1,04-09-2023 16:22,53,1,None,SELDQSWSWE,mapcopy_52.txt,.txt (Unformatted Text Document),None,C:/ST/JPacmanFuzz/fuzzresults/maps/previous_maps\run_1/exitcode1_crash/mapcopy_52.txt,fuzzresults/maps/previous_maps/run_1/exitcode1_crash/mapcopy_52.txt
1,04-09-2023 16:22,54,1,None,SELDQSWWWE,mapcopy_53.txt,.txt (Unformatted Text Document),None,C:/ST/JPacmanFuzz/fuzzresults/maps/previous_maps\run_1/exitcode1_crash/mapcopy_53.txt,fuzzresults/maps/previous_maps/run_1/exitcode1_crash/mapcopy_53.txt
1,04-09-2023 16:22,55,-1,Invalid Move,SELDQSWUWE,mapcopy_54.txt,.txt (Unformatted Text Document),None,C:/ST/JPacmanFuzz/fuzzresults/maps/previous_maps\run_1/exitcodeX_unknown/mapcopy_54.txt,fuzzresults/maps/previous_maps/run_1/exitcodeX_unknown/mapcopy_54.txt
1,04-09-2023 16:22,56,-1,Invalid Move,SELDQSWLWE,mapcopy_55.txt,.txt (Unformatted Text Document),None,C:/ST/JPacmanFuzz/fuzzresults/maps/previous_maps\run_1/exitcodeX_unknown/mapcopy_55.txt,fuzzresults/maps/previous_maps/run_1/exitcodeX_unknown/mapcopy_55.txt
1,04-09-2023 16:22,57,-1,Invalid Move,SELDQSWDWE,mapcopy_56.txt,.txt (Unformatted Text Document),None,C:/ST/JPacmanFuzz/fuzzresults/maps/previous_maps\run_1/exitcodeX_unknown/mapcopy_56.txt,fuzzresults/maps/previous_maps/run_1/exitcodeX_unknown/mapcopy_56.txt
1,04-09-2023 16:22,58,1,None,SELDQSWREE,mapcopy_57.txt,.txt (Unformatted Text Document),None,C:/ST/JPacmanFuzz/fuzzresults/maps/previous_maps\run_1/exitcode1_crash/mapcopy_57.txt,fuzzresults/maps/previous_maps/run_1/exitcode1_crash/mapcopy_57.txt
1,04-09-2023 16:22,59,1,None,SELDQSWRQE,mapcopy_58.txt,.txt (Unformatted Text Document),None,C:/ST/JPacmanFuzz/fuzzresults/maps/previous_maps\run_1/exitcode1_crash/mapcopy_58.txt,fuzzresults/maps/previous_maps/run_1/exitcode1_crash/mapcopy_58.txt
1,04-09-2023 16:22,60,1,None,SELDQSWRSE,mapcopy_59.txt,.txt (Unformatted Text Document),None,C:/ST/JPacmanFuzz/fuzzresults/maps/previous_maps\run_1/exitcode1_crash/mapcopy_59.txt,fuzzresults/maps/previous_maps/run_1/exitcode1_crash/mapcopy_59.txt
1,04-09-2023 16:22,61,-1,Invalid Move,SELDQSWRUE,mapcopy_60.txt,.txt (Unformatted Text Document),None,C:/ST/JPacmanFuzz/fuzzresults/maps/previous_maps\run_1/exitcodeX_unknown/mapcopy_60.txt,fuzzresults/maps/previous_maps/run_1/exitcodeX_unknown/mapcopy_60.txt
1,04-09-2023 16:22,62,1,None,SELDQSWRLE,mapcopy_61.txt,.txt (Unformatted Text Document),None,C:/ST/JPacmanFuzz/fuzzresults/maps/previous_maps\run_1/exitcode1_crash/mapcopy_61.txt,fuzzresults/maps/previous_maps/run_1/exitcode1_crash/mapcopy_61.txt
1,04-09-2023 16:22,63,-1,Invalid Move,SELDQSWRDE,mapcopy_62.txt,.txt (Unformatted Text Document),None,C:/ST/JPacmanFuzz/fuzzresults/maps/previous_maps\run_1/exitcodeX_unknown/mapcopy_62.txt,fuzzresults/maps/previous_maps/run_1/exitcodeX_unknown/mapcopy_62.txt
1,04-09-2023 16:22,64,-1,Invalid Move,SELDQSWRRE,mapcopy_63.txt,.txt (Unformatted Text Document),None,C:/ST/JPacmanFuzz/fuzzresults/maps/previous_maps\run_1/exitcodeX_unknown/mapcopy_63.txt,fuzzresults/maps/previous_maps/run_1/exitcodeX_unknown/mapcopy_63.txt
1,04-09-2023 16:22,65,1,None,SELDQSWRWQ,mapcopy_64.txt,.txt (Unformatted Text Document),None,C:/ST/JPacmanFuzz/fuzzresults/maps/previous_maps\run_1/exitcode1_crash/mapcopy_64.txt,fuzzresults/maps/previous_maps/run_1/exitcode1_crash/mapcopy_64.txt
2,04-09-2023 16:29,1,1,None,SWWDSQSEEU,originalMap_2.txt,.txt (Unformatted Text Document),None,C:/ST/JPacmanFuzz/fuzzresults/maps/previous_maps\run_2/exitcode1_crash/originalMap_2.txt,fuzzresults/maps/previous_maps/run_2/exitcode1_crash/originalMap_2.txt
2,04-09-2023 16:29,2,0,None,SWWDSQSEEU,map_1.txt,.txt (Unformatted Text Document),None,C:/ST/JPacmanFuzz/fuzzresults/maps/previous_maps\run_2/exitcode0_accepted/map_1.txt,fuzzresults/maps/previous_maps/run_2/exitcode0_accepted/map_1.txt
2,04-09-2023 16:29,3,0,None,SWWDSQSEEU,map_2.txt,.txt (Unformatted Text Document),None,C:/ST/JPacmanFuzz/fuzzresults/maps/previous_maps\run_2/exitcode0_accepted/map_2.txt,fuzzresults/maps/previous_maps/run_2/exitcode0_accepted/map_2.txt
2,04-09-2023 16:29,4,0,None,SWWDSQSEEU,map_3.txt,.txt (Unformatted Text Document),None,C:/ST/JPacmanFuzz/fuzzresults/maps/previous_maps\run_2/exitcode0_accepted/map_3.txt,fuzzresults/maps/previous_maps/run_2/exitcode0_accepted/map_3.txt
2,04-09-2023 16:29,5,-1,Invalid Move,SWWDSQSEEU,map_4.txt,.txt (Unformatted Text Document),None,C:/ST/JPacmanFuzz/fuzzresults/maps/previous_maps\run_2/exitcodeX_unknown/map_4.txt,fuzzresults/maps/previous_maps/run_2/exitcodeX_unknown/map_4.txt
2,04-09-2023 16:29,6,0,None,SWWDSQSEEU,map_5.txt,.txt (Unformatted Text Document),None,C:/ST/JPacmanFuzz/fuzzresults/maps/previous_maps\run_2/exitcode0_accepted/map_5.txt,fuzzresults/maps/previous_maps/run_2/exitcode0_accepted/map_5.txt
2,04-09-2023 16:29,7,0,None,SWWDSQSEEU,map_6.txt,.txt (Unformatted Text Document),None,C:/ST/JPacmanFuzz/fuzzresults/maps/previous_maps\run_2/exitcode0_accepted/map_6.txt,fuzzresults/maps/previous_maps/run_2/exitcode0_accepted/map_6.txt
2,04-09-2023 16:29,8,0,None,SWWDSQSEEU,map_7.txt,.txt (Unformatted Text Document),None,C:/ST/JPacmanFuzz/fuzzresults/maps/previous_maps\run_2/exitcode0_accepted/map_7.txt,fuzzresults/maps/previous_maps/run_2/exitcode0_accepted/map_7.txt
2,04-09-2023 16:29,9,1,None,SWWDSQSEEU,map_8.txt,.txt (Unformatted Text Document),None,C:/ST/JPacmanFuzz/fuzzresults/maps/previous_maps\run_2/exitcode1_crash/map_8.txt,fuzzresults/maps/previous_maps/run_2/exitcode1_crash/map_8.txt
2,04-09-2023 16:29,10,1,None,SWWDSQSEEU,map_9.txt,.txt (Unformatted Text Document),None,C:/ST/JPacmanFuzz/fuzzresults/maps/previous_maps\run_2/exitcode1_crash/map_9.txt,fuzzresults/maps/previous_maps/run_2/exitcode1_crash/map_9.txt
2,04-09-2023 16:29,11,0,None,SWWDSQSEEU,map_10.txt,.txt (Unformatted Text Document),None,C:/ST/JPacmanFuzz/fuzzresults/maps/previous_maps\run_2/exitcode0_accepted/map_10.txt,fuzzresults/maps/previous_maps/run_2/exitcode0_accepted/map_10.txt
2,04-09-2023 16:29,12,0,None,SWWDSQSEEU,map_11.txt,.txt (Unformatted Text Document),None,C:/ST/JPacmanFuzz/fuzzresults/maps/previous_maps\run_2/exitcode0_accepted/map_11.txt,fuzzresults/maps/previous_maps/run_2/exitcode0_accepted/map_11.txt
2,04-09-2023 16:29,13,0,None,SWWDSQSEEU,map_12.txt,.txt (Unformatted Text Document),None,C:/ST/JPacmanFuzz/fuzzresults/maps/previous_maps\run_2/exitcode0_accepted/map_12.txt,fuzzresults/maps/previous_maps/run_2/exitcode0_accepted/map_12.txt
2,04-09-2023 16:29,14,0,None,EWWDSQSEEU,mapcopy_1.txt,.txt (Unformatted Text Document),None,C:/ST/JPacmanFuzz/fuzzresults/maps/previous_maps\run_2/exitcode0_accepted/mapcopy_1.txt,fuzzresults/maps/previous_maps/run_2/exitcode0_accepted/mapcopy_1.txt
2,04-09-2023 16:29,15,0,None,QWWDSQSEEU,mapcopy_2.txt,.txt (Unformatted Text Document),None,C:/ST/JPacmanFuzz/fuzzresults/maps/previous_maps\run_2/exitcode0_accepted/mapcopy_2.txt,fuzzresults/maps/previous_maps/run_2/exitcode0_accepted/mapcopy_2.txt
2,04-09-2023 16:29,16,0,None,WWWDSQSEEU,mapcopy_3.txt,.txt (Unformatted Text Document),None,C:/ST/JPacmanFuzz/fuzzresults/maps/previous_maps\run_2/exitcode0_accepted/mapcopy_3.txt,fuzzresults/maps/previous_maps/run_2/exitcode0_accepted/mapcopy_3.txt
2,04-09-2023 16:29,17,0,None,UWWDSQSEEU,mapcopy_4.txt,.txt (Unformatted Text Document),None,C:/ST/JPacmanFuzz/fuzzresults/maps/previous_maps\run_2/exitcode0_accepted/mapcopy_4.txt,fuzzresults/maps/previous_maps/run_2/exitcode0_accepted/mapcopy_4.txt
2,04-09-2023 16:29,18,0,None,LWWDSQSEEU,mapcopy_5.txt,.txt (Unformatted Text Document),None,C:/ST/JPacmanFuzz/fuzzresults/maps/previous_maps\run_2/exitcode0_accepted/mapcopy_5.txt,fuzzresults/maps/previous_maps/run_2/exitcode0_accepted/mapcopy_5.txt
2,04-09-2023 16:29,19,0,None,DWWDSQSEEU,mapcopy_6.txt,.txt (Unformatted Text Document),None,C:/ST/JPacmanFuzz/fuzzresults/maps/previous_maps\run_2/exitcode0_accepted/mapcopy_6.txt,fuzzresults/maps/previous_maps/run_2/exitcode0_accepted/mapcopy_6.txt
2,04-09-2023 16:29,20,0,None,RWWDSQSEEU,mapcopy_7.txt,.txt (Unformatted Text Document),None,C:/ST/JPacmanFuzz/fuzzresults/maps/previous_maps\run_2/exitcode0_accepted/mapcopy_7.txt,fuzzresults/maps/previous_maps/run_2/exitcode0_accepted/mapcopy_7.txt
2,04-09-2023 16:29,21,0,None,SEWDSQSEEU,mapcopy_8.txt,.txt (Unformatted Text Document),None,C:/ST/JPacmanFuzz/fuzzresults/maps/previous_maps\run_2/exitcode0_accepted/mapcopy_8.txt,fuzzresults/maps/previous_maps/run_2/exitcode0_accepted/mapcopy_8.txt
2,04-09-2023 16:29,22,0,None,SQWDSQSEEU,mapcopy_9.txt,.txt (Unformatted Text Document),None,C:/ST/JPacmanFuzz/fuzzresults/maps/previous_maps\run_2/exitcode0_accepted/mapcopy_9.txt,fuzzresults/maps/previous_maps/run_2/exitcode0_accepted/mapcopy_9.txt
2,04-09-2023 16:29,23,1,None,SSWDSQSEEU,mapcopy_10.txt,.txt (Unformatted Text Document),None,C:/ST/JPacmanFuzz/fuzzresults/maps/previous_maps\run_2/exitcode1_crash/mapcopy_10.txt,fuzzresults/maps/previous_maps/run_2/exitcode1_crash/mapcopy_10.txt
2,04-09-2023 16:29,24,0,None,SUWDSQSEEU,mapcopy_11.txt,.txt (Unformatted Text Document),None,C:/ST/JPacmanFuzz/fuzzresults/maps/previous_maps\run_2/exitcode0_accepted/mapcopy_11.txt,fuzzresults/maps/previous_maps/run_2/exitcode0_accepted/mapcopy_11.txt
2,04-09-2023 16:29,25,-1,Invalid Move,SLWDSQSEEU,mapcopy_12.txt,.txt (Unformatted Text Document),None,C:/ST/JPacmanFuzz/fuzzresults/maps/previous_maps\run_2/exitcodeX_unknown/mapcopy_12.txt,fuzzresults/maps/previous_maps/run_2/exitcodeX_unknown/mapcopy_12.txt
2,04-09-2023 16:29,26,0,None,SDWDSQSEEU,mapcopy_13.txt,.txt (Unformatted Text Document),None,C:/ST/JPacmanFuzz/fuzzresults/maps/previous_maps\run_2/exitcode0_accepted/mapcopy_13.txt,fuzzresults/maps/previous_maps/run_2/exitcode0_accepted/mapcopy_13.txt
2,04-09-2023 16:29,27,-1,Invalid Move,SRWDSQSEEU,mapcopy_14.txt,.txt (Unformatted Text Document),None,C:/ST/JPacmanFuzz/fuzzresults/maps/previous_maps\run_2/exitcodeX_unknown/mapcopy_14.txt,fuzzresults/maps/previous_maps/run_2/exitcodeX_unknown/mapcopy_14.txt
2,04-09-2023 16:29,28,0,None,SWEDSQSEEU,mapcopy_15.txt,.txt (Unformatted Text Document),None,C:/ST/JPacmanFuzz/fuzzresults/maps/previous_maps\run_2/exitcode0_accepted/mapcopy_15.txt,fuzzresults/maps/previous_maps/run_2/exitcode0_accepted/mapcopy_15.txt
2,04-09-2023 16:29,29,0,None,SWQDSQSEEU,mapcopy_16.txt,.txt (Unformatted Text Document),None,C:/ST/JPacmanFuzz/fuzzresults/maps/previous_maps\run_2/exitcode0_accepted/mapcopy_16.txt,fuzzresults/maps/previous_maps/run_2/exitcode0_accepted/mapcopy_16.txt
2,04-09-2023 16:29,30,0,None,SWSDSQSEEU,mapcopy_17.txt,.txt (Unformatted Text Document),None,C:/ST/JPacmanFuzz/fuzzresults/maps/previous_maps\run_2/exitcode0_accepted/mapcopy_17.txt,fuzzresults/maps/previous_maps/run_2/exitcode0_accepted/mapcopy_17.txt
2,04-09-2023 16:29,31,0,None,SWUDSQSEEU,mapcopy_18.txt,.txt (Unformatted Text Document),None,C:/ST/JPacmanFuzz/fuzzresults/maps/previous_maps\run_2/exitcode0_accepted/mapcopy_18.txt,fuzzresults/maps/previous_maps/run_2/exitcode0_accepted/mapcopy_18.txt
2,04-09-2023 16:29,32,-1,Invalid Move,SWLDSQSEEU,mapcopy_19.txt,.txt (Unformatted Text Document),None,C:/ST/JPacmanFuzz/fuzzresults/maps/previous_maps\run_2/exitcodeX_unknown/mapcopy_19.txt,fuzzresults/maps/previous_maps/run_2/exitcodeX_unknown/mapcopy_19.txt
2,04-09-2023 16:29,33,0,None,SWDDSQSEEU,mapcopy_20.txt,.txt (Unformatted Text Document),None,C:/ST/JPacmanFuzz/fuzzresults/maps/previous_maps\run_2/exitcode0_accepted/mapcopy_20.txt,fuzzresults/maps/previous_maps/run_2/exitcode0_accepted/mapcopy_20.txt
2,04-09-2023 16:29,34,-1,Invalid Move,SWRDSQSEEU,mapcopy_21.txt,.txt (Unformatted Text Document),None,C:/ST/JPacmanFuzz/fuzzresults/maps/previous_maps\run_2/exitcodeX_unknown/mapcopy_21.txt,fuzzresults/maps/previous_maps/run_2/exitcodeX_unknown/mapcopy_21.txt
2,04-09-2023 16:29,35,1,None,SWWESQSEEU,mapcopy_22.txt,.txt (Unformatted Text Document),None,C:/ST/JPacmanFuzz/fuzzresults/maps/previous_maps\run_2/exitcode1_crash/mapcopy_22.txt,fuzzresults/maps/previous_maps/run_2/exitcode1_crash/mapcopy_22.txt
2,04-09-2023 16:29,36,1,None,SWWQSQSEEU,mapcopy_23.txt,.txt (Unformatted Text Document),None,C:/ST/JPacmanFuzz/fuzzresults/maps/previous_maps\run_2/exitcode1_crash/mapcopy_23.txt,fuzzresults/maps/previous_maps/run_2/exitcode1_crash/mapcopy_23.txt
2,04-09-2023 16:29,37,1,None,SWWSSQSEEU,mapcopy_24.txt,.txt (Unformatted Text Document),None,C:/ST/JPacmanFuzz/fuzzresults/maps/previous_maps\run_2/exitcode1_crash/mapcopy_24.txt,fuzzresults/maps/previous_maps/run_2/exitcode1_crash/mapcopy_24.txt
2,04-09-2023 16:29,38,1,None,SWWWSQSEEU,mapcopy_25.txt,.txt (Unformatted Text Document),None,C:/ST/JPacmanFuzz/fuzzresults/maps/previous_maps\run_2/exitcode1_crash/mapcopy_25.txt,fuzzresults/maps/previous_maps/run_2/exitcode1_crash/mapcopy_25.txt
2,04-09-2023 16:29,39,1,None,SWWUSQSEEU,mapcopy_26.txt,.txt (Unformatted Text Document),None,C:/ST/JPacmanFuzz/fuzzresults/maps/previous_maps\run_2/exitcode1_crash/mapcopy_26.txt,fuzzresults/maps/previous_maps/run_2/exitcode1_crash/mapcopy_26.txt
2,04-09-2023 16:29,40,-1,Invalid Move,SWWLSQSEEU,mapcopy_27.txt,.txt (Unformatted Text Document),None,C:/ST/JPacmanFuzz/fuzzresults/maps/previous_maps\run_2/exitcodeX_unknown/mapcopy_27.txt,fuzzresults/maps/previous_maps/run_2/exitcodeX_unknown/mapcopy_27.txt
2,04-09-2023 16:29,41,-1,Invalid Move,SWWRSQSEEU,mapcopy_28.txt,.txt (Unformatted Text Document),None,C:/ST/JPacmanFuzz/fuzzresults/maps/previous_maps\run_2/exitcodeX_unknown/mapcopy_28.txt,fuzzresults/maps/previous_maps/run_2/exitcodeX_unknown/mapcopy_28.txt
2,04-09-2023 16:29,42,1,None,SWWDEQSEEU,mapcopy_29.txt,.txt (Unformatted Text Document),None,C:/ST/JPacmanFuzz/fuzzresults/maps/previous_maps\run_2/exitcode1_crash/mapcopy_29.txt,fuzzresults/maps/previous_maps/run_2/exitcode1_crash/mapcopy_29.txt
2,04-09-2023 16:29,43,1,None,SWWDQQSEEU,mapcopy_30.txt,.txt (Unformatted Text Document),None,C:/ST/JPacmanFuzz/fuzzresults/maps/previous_maps\run_2/exitcode1_crash/mapcopy_30.txt,fuzzresults/maps/previous_maps/run_2/exitcode1_crash/mapcopy_30.txt
2,04-09-2023 16:29,44,1,None,SWWDWQSEEU,mapcopy_31.txt,.txt (Unformatted Text Document),None,C:/ST/JPacmanFuzz/fuzzresults/maps/previous_maps\run_2/exitcode1_crash/mapcopy_31.txt,fuzzresults/maps/previous_maps/run_2/exitcode1_crash/mapcopy_31.txt
2,04-09-2023 16:29,45,1,None,SWWDUQSEEU,mapcopy_32.txt,.txt (Unformatted Text Document),None,C:/ST/JPacmanFuzz/fuzzresults/maps/previous_maps\run_2/exitcode1_crash/mapcopy_32.txt,fuzzresults/maps/previous_maps/run_2/exitcode1_crash/mapcopy_32.txt
2,04-09-2023 16:29,46,-1,Invalid Move,SWWDLQSEEU,mapcopy_33.txt,.txt (Unformatted Text Document),None,C:/ST/JPacmanFuzz/fuzzresults/maps/previous_maps\run_2/exitcodeX_unknown/mapcopy_33.txt,fuzzresults/maps/previous_maps/run_2/exitcodeX_unknown/mapcopy_33.txt
2,04-09-2023 16:29,47,1,None,SWWDDQSEEU,mapcopy_34.txt,.txt (Unformatted Text Document),None,C:/ST/JPacmanFuzz/fuzzresults/maps/previous_maps\run_2/exitcode1_crash/mapcopy_34.txt,fuzzresults/maps/previous_maps/run_2/exitcode1_crash/mapcopy_34.txt
2,04-09-2023 16:29,48,-1,Invalid Move,SWWDRQSEEU,mapcopy_35.txt,.txt (Unformatted Text Document),None,C:/ST/JPacmanFuzz/fuzzresults/maps/previous_maps\run_2/exitcodeX_unknown/mapcopy_35.txt,fuzzresults/maps/previous_maps/run_2/exitcodeX_unknown/mapcopy_35.txt
2,04-09-2023 16:29,49,1,None,SWWDSESEEU,mapcopy_36.txt,.txt (Unformatted Text Document),None,C:/ST/JPacmanFuzz/fuzzresults/maps/previous_maps\run_2/exitcode1_crash/mapcopy_36.txt,fuzzresults/maps/previous_maps/run_2/exitcode1_crash/mapcopy_36.txt
2,04-09-2023 16:29,50,1,None,SWWDSSSEEU,mapcopy_37.txt,.txt (Unformatted Text Document),None,C:/ST/JPacmanFuzz/fuzzresults/maps/previous_maps\run_2/exitcode1_crash/mapcopy_37.txt,fuzzresults/maps/previous_maps/run_2/exitcode1_crash/mapcopy_37.txt
2,04-09-2023 16:29,51,1,None,SWWDSWSEEU,mapcopy_38.txt,.txt (Unformatted Text Document),None,C:/ST/JPacmanFuzz/fuzzresults/maps/previous_maps\run_2/exitcode1_crash/mapcopy_38.txt,fuzzresults/maps/previous_maps/run_2/exitcode1_crash/mapcopy_38.txt
2,04-09-2023 16:29,52,1,None,SWWDSUSEEU,mapcopy_39.txt,.txt (Unformatted Text Document),None,C:/ST/JPacmanFuzz/fuzzresults/maps/previous_maps\run_2/exitcode1_crash/mapcopy_39.txt,fuzzresults/maps/previous_maps/run_2/exitcode1_crash/mapcopy_39.txt
2,04-09-2023 16:29,53,-1,Invalid Move,SWWDSLSEEU,mapcopy_40.txt,.txt (Unformatted Text Document),None,C:/ST/JPacmanFuzz/fuzzresults/maps/previous_maps\run_2/exitcodeX_unknown/mapcopy_40.txt,fuzzresults/maps/previous_maps/run_2/exitcodeX_unknown/mapcopy_40.txt
2,04-09-2023 16:29,54,1,None,SWWDSDSEEU,mapcopy_41.txt,.txt (Unformatted Text Document),None,C:/ST/JPacmanFuzz/fuzzresults/maps/previous_maps\run_2/exitcode1_crash/mapcopy_41.txt,fuzzresults/maps/previous_maps/run_2/exitcode1_crash/mapcopy_41.txt
2,04-09-2023 16:29,55,-1,Invalid Move,SWWDSRSEEU,mapcopy_42.txt,.txt (Unformatted Text Document),None,C:/ST/JPacmanFuzz/fuzzresults/maps/previous_maps\run_2/exitcodeX_unknown/mapcopy_42.txt,fuzzresults/maps/previous_maps/run_2/exitcodeX_unknown/mapcopy_42.txt
2,04-09-2023 16:29,56,1,None,SWWDSQEEEU,mapcopy_43.txt,.txt (Unformatted Text Document),None,C:/ST/JPacmanFuzz/fuzzresults/maps/previous_maps\run_2/exitcode1_crash/mapcopy_43.txt,fuzzresults/maps/previous_maps/run_2/exitcode1_crash/mapcopy_43.txt
2,04-09-2023 16:29,57,1,None,SWWDSQQEEU,mapcopy_44.txt,.txt (Unformatted Text Document),None,C:/ST/JPacmanFuzz/fuzzresults/maps/previous_maps\run_2/exitcode1_crash/mapcopy_44.txt,fuzzresults/maps/previous_maps/run_2/exitcode1_crash/mapcopy_44.txt
2,04-09-2023 16:29,58,1,None,SWWDSQWEEU,mapcopy_45.txt,.txt (Unformatted Text Document),None,C:/ST/JPacmanFuzz/fuzzresults/maps/previous_maps\run_2/exitcode1_crash/mapcopy_45.txt,fuzzresults/maps/previous_maps/run_2/exitcode1_crash/mapcopy_45.txt
2,04-09-2023 16:29,59,1,None,SWWDSQUEEU,mapcopy_46.txt,.txt (Unformatted Text Document),None,C:/ST/JPacmanFuzz/fuzzresults/maps/previous_maps\run_2/exitcode1_crash/mapcopy_46.txt,fuzzresults/maps/previous_maps/run_2/exitcode1_crash/mapcopy_46.txt
2,04-09-2023 16:29,60,1,None,SWWDSQLEEU,mapcopy_47.txt,.txt (Unformatted Text Document),None,C:/ST/JPacmanFuzz/fuzzresults/maps/previous_maps\run_2/exitcode1_crash/mapcopy_47.txt,fuzzresults/maps/previous_maps/run_2/exitcode1_crash/mapcopy_47.txt
2,04-09-2023 16:29,61,1,None,SWWDSQDEEU,mapcopy_48.txt,.txt (Unformatted Text Document),None,C:/ST/JPacmanFuzz/fuzzresults/maps/previous_maps\run_2/exitcode1_crash/mapcopy_48.txt,fuzzresults/maps/previous_maps/run_2/exitcode1_crash/mapcopy_48.txt
2,04-09-2023 16:29,62,1,None,SWWDSQREEU,mapcopy_49.txt,.txt (Unformatted Text Document),None,C:/ST/JPacmanFuzz/fuzzresults/maps/previous_maps\run_2/exitcode1_crash/mapcopy_49.txt,fuzzresults/maps/previous_maps/run_2/exitcode1_crash/mapcopy_49.txt
2,04-09-2023 16:29,63,1,None,SWWDSQSQEU,mapcopy_50.txt,.txt (Unformatted Text Document),None,C:/ST/JPacmanFuzz/fuzzresults/maps/previous_maps\run_2/exitcode1_crash/mapcopy_50.txt,fuzzresults/maps/previous_maps/run_2/exitcode1_crash/mapcopy_50.txt
2,04-09-2023 16:29,64,1,None,SWWDSQSSEU,mapcopy_51.txt,.txt (Unformatted Text Document),None,C:/ST/JPacmanFuzz/fuzzresults/maps/previous_maps\run_2/exitcode1_crash/mapcopy_51.txt,fuzzresults/maps/previous_maps/run_2/exitcode1_crash/mapcopy_51.txt
2,04-09-2023 16:29,65,1,None,SWWDSQSWEU,mapcopy_52.txt,.txt (Unformatted Text Document),None,C:/ST/JPacmanFuzz/fuzzresults/maps/previous_maps\run_2/exitcode1_crash/mapcopy_52.txt,fuzzresults/maps/previous_maps/run_2/exitcode1_crash/mapcopy_52.txt
2,04-09-2023 16:29,66,1,None,SWWDSQSUEU,mapcopy_53.txt,.txt (Unformatted Text Document),None,C:/ST/JPacmanFuzz/fuzzresults/maps/previous_maps\run_2/exitcode1_crash/mapcopy_53.txt,fuzzresults/maps/previous_maps/run_2/exitcode1_crash/mapcopy_53.txt
2,04-09-2023 16:29,67,-1,Invalid Move,SWWDSQSLEU,mapcopy_54.txt,.txt (Unformatted Text Document),None,C:/ST/JPacmanFuzz/fuzzresults/maps/previous_maps\run_2/exitcodeX_unknown/mapcopy_54.txt,fuzzresults/maps/previous_maps/run_2/exitcodeX_unknown/mapcopy_54.txt
2,04-09-2023 16:29,68,1,None,SWWDSQSDEU,mapcopy_55.txt,.txt (Unformatted Text Document),None,C:/ST/JPacmanFuzz/fuzzresults/maps/previous_maps\run_2/exitcode1_crash/mapcopy_55.txt,fuzzresults/maps/previous_maps/run_2/exitcode1_crash/mapcopy_55.txt
2,04-09-2023 16:29,69,-1,Invalid Move,SWWDSQSREU,mapcopy_56.txt,.txt (Unformatted Text Document),None,C:/ST/JPacmanFuzz/fuzzresults/maps/previous_maps\run_2/exitcodeX_unknown/mapcopy_56.txt,fuzzresults/maps/previous_maps/run_2/exitcodeX_unknown/mapcopy_56.txt
2,04-09-2023 16:29,70,1,None,SWWDSQSEQU,mapcopy_57.txt,.txt (Unformatted Text Document),None,C:/ST/JPacmanFuzz/fuzzresults/maps/previous_maps\run_2/exitcode1_crash/mapcopy_57.txt,fuzzresults/maps/previous_maps/run_2/exitcode1_crash/mapcopy_57.txt
2,04-09-2023 16:29,71,1,None,SWWDSQSEWU,mapcopy_58.txt,.txt (Unformatted Text Document),None,C:/ST/JPacmanFuzz/fuzzresults/maps/previous_maps\run_2/exitcode1_crash/mapcopy_58.txt,fuzzresults/maps/previous_maps/run_2/exitcode1_crash/mapcopy_58.txt
2,04-09-2023 16:29,72,1,None,SWWDSQSEUU,mapcopy_59.txt,.txt (Unformatted Text Document),None,C:/ST/JPacmanFuzz/fuzzresults/maps/previous_maps\run_2/exitcode1_crash/mapcopy_59.txt,fuzzresults/maps/previous_maps/run_2/exitcode1_crash/mapcopy_59.txt
2,04-09-2023 16:29,73,1,None,SWWDSQSELU,mapcopy_60.txt,.txt (Unformatted Text Document),None,C:/ST/JPacmanFuzz/fuzzresults/maps/previous_maps\run_2/exitcode1_crash/mapcopy_60.txt,fuzzresults/maps/previous_maps/run_2/exitcode1_crash/mapcopy_60.txt
2,04-09-2023 16:29,74,1,None,SWWDSQSEDU,mapcopy_61.txt,.txt (Unformatted Text Document),None,C:/ST/JPacmanFuzz/fuzzresults/maps/previous_maps\run_2/exitcode1_crash/mapcopy_61.txt,fuzzresults/maps/previous_maps/run_2/exitcode1_crash/mapcopy_61.txt
2,04-09-2023 16:29,75,1,None,SWWDSQSERU,mapcopy_62.txt,.txt (Unformatted Text Document),None,C:/ST/JPacmanFuzz/fuzzresults/maps/previous_maps\run_2/exitcode1_crash/mapcopy_62.txt,fuzzresults/maps/previous_maps/run_2/exitcode1_crash/mapcopy_62.txt
2,04-09-2023 16:29,76,1,None,SWWDSQSEEE,mapcopy_63.txt,.txt (Unformatted Text Document),None,C:/ST/JPacmanFuzz/fuzzresults/maps/previous_maps\run_2/exitcode1_crash/mapcopy_63.txt,fuzzresults/maps/previous_maps/run_2/exitcode1_crash/mapcopy_63.txt
2,04-09-2023 16:29,77,1,None,SWWDSQSEEQ,mapcopy_64.txt,.txt (Unformatted Text Document),None,C:/ST/JPacmanFuzz/fuzzresults/maps/previous_maps\run_2/exitcode1_crash/mapcopy_64.txt,fuzzresults/maps/previous_maps/run_2/exitcode1_crash/mapcopy_64.txt
2,04-09-2023 16:29,78,1,None,SWWDSQSEEW,mapcopy_65.txt,.txt (Unformatted Text Document),None,C:/ST/JPacmanFuzz/fuzzresults/maps/previous_maps\run_2/exitcode1_crash/mapcopy_65.txt,fuzzresults/maps/previous_maps/run_2/exitcode1_crash/mapcopy_65.txt
2,04-09-2023 16:29,79,1,None,SWWDSQSEEL,mapcopy_66.txt,.txt (Unformatted Text Document),None,C:/ST/JPacmanFuzz/fuzzresults/maps/previous_maps\run_2/exitcode1_crash/mapcopy_66.txt,fuzzresults/maps/previous_maps/run_2/exitcode1_crash/mapcopy_66.txt
2,04-09-2023 16:29,80,1,None,SWWDSQSEED,mapcopy_67.txt,.txt (Unformatted Text Document),None,C:/ST/JPacmanFuzz/fuzzresults/maps/previous_maps\run_2/exitcode1_crash/mapcopy_67.txt,fuzzresults/maps/previous_maps/run_2/exitcode1_crash/mapcopy_67.txt
2,04-09-2023 16:29,81,1,None,SWWDSQSEER,mapcopy_68.txt,.txt (Unformatted Text Document),None,C:/ST/JPacmanFuzz/fuzzresults/maps/previous_maps\run_2/exitcode1_crash/mapcopy_68.txt,fuzzresults/maps/previous_maps/run_2/exitcode1_crash/mapcopy_68.txt
3,04-09-2023 19:25,1,1,None,QWQRSWWERW,originalMap_3.txt,.txt (Unformatted Text Document),None,C:/ST/JPacmanFuzz/fuzzresults/maps/previous_maps\run_3/exitcode1_crash/originalMap_3.txt,fuzzresults/maps/previous_maps/run_3/exitcode1_crash/originalMap_3.txt
3,04-09-2023 19:25,2,0,None,QWQRSWWERW,map_1.txt,.txt (Unformatted Text Document),None,C:/ST/JPacmanFuzz/fuzzresults/maps/previous_maps\run_3/exitcode0_accepted/map_1.txt,fuzzresults/maps/previous_maps/run_3/exitcode0_accepted/map_1.txt
3,04-09-2023 19:25,3,0,None,QWQRSWWERW,map_2.txt,.txt (Unformatted Text Document),None,C:/ST/JPacmanFuzz/fuzzresults/maps/previous_maps\run_3/exitcode0_accepted/map_2.txt,fuzzresults/maps/previous_maps/run_3/exitcode0_accepted/map_2.txt
3,04-09-2023 19:25,4,0,None,QWQRSWWERW,map_3.txt,.txt (Unformatted Text Document),None,C:/ST/JPacmanFuzz/fuzzresults/maps/previous_maps\run_3/exitcode0_accepted/map_3.txt,fuzzresults/maps/previous_maps/run_3/exitcode0_accepted/map_3.txt
3,04-09-2023 19:25,5,0,None,QWQRSWWERW,map_4.txt,.txt (Unformatted Text Document),None,C:/ST/JPacmanFuzz/fuzzresults/maps/previous_maps\run_3/exitcode0_accepted/map_4.txt,fuzzresults/maps/previous_maps/run_3/exitcode0_accepted/map_4.txt
3,04-09-2023 19:25,6,1,None,QWQRSWWERW,map_5.txt,.txt (Unformatted Text Document),None,C:/ST/JPacmanFuzz/fuzzresults/maps/previous_maps\run_3/exitcode1_crash/map_5.txt,fuzzresults/maps/previous_maps/run_3/exitcode1_crash/map_5.txt
3,04-09-2023 19:25,7,1,None,QWQRSWWERW,map_6.txt,.txt (Unformatted Text Document),None,C:/ST/JPacmanFuzz/fuzzresults/maps/previous_maps\run_3/exitcode1_crash/map_6.txt,fuzzresults/maps/previous_maps/run_3/exitcode1_crash/map_6.txt
3,04-09-2023 19:25,8,0,None,QWQRSWWERW,map_7.txt,.txt (Unformatted Text Document),None,C:/ST/JPacmanFuzz/fuzzresults/maps/previous_maps\run_3/exitcode0_accepted/map_7.txt,fuzzresults/maps/previous_maps/run_3/exitcode0_accepted/map_7.txt
3,04-09-2023 19:25,9,1,None,QWQRSWWERW,map_8.txt,.txt (Unformatted Text Document),None,C:/ST/JPacmanFuzz/fuzzresults/maps/previous_maps\run_3/exitcode1_crash/map_8.txt,fuzzresults/maps/previous_maps/run_3/exitcode1_crash/map_8.txt
3,04-09-2023 19:25,10,1,None,QWQRSWWERW,map_9.txt,.txt (Unformatted Text Document),None,C:/ST/JPacmanFuzz/fuzzresults/maps/previous_maps\run_3/exitcode1_crash/map_9.txt,fuzzresults/maps/previous_maps/run_3/exitcode1_crash/map_9.txt
3,04-09-2023 19:25,11,0,None,QWQRSWWERW,map_10.txt,.txt (Unformatted Text Document),None,C:/ST/JPacmanFuzz/fuzzresults/maps/previous_maps\run_3/exitcode0_accepted/map_10.txt,fuzzresults/maps/previous_maps/run_3/exitcode0_accepted/map_10.txt
3,04-09-2023 19:25,12,1,None,QWQRSWWERW,map_11.txt,.txt (Unformatted Text Document),None,C:/ST/JPacmanFuzz/fuzzresults/maps/previous_maps\run_3/exitcode1_crash/map_11.txt,fuzzresults/maps/previous_maps/run_3/exitcode1_crash/map_11.txt
3,04-09-2023 19:25,13,1,None,QWQRSWWERW,map_12.txt,.txt (Unformatted Text Document),None,C:/ST/JPacmanFuzz/fuzzresults/maps/previous_maps\run_3/exitcode1_crash/map_12.txt,fuzzresults/maps/previous_maps/run_3/exitcode1_crash/map_12.txt
3,04-09-2023 19:25,14,0,None,QWQRSWWERW,map_13.txt,.txt (Unformatted Text Document),None,C:/ST/JPacmanFuzz/fuzzresults/maps/previous_maps\run_3/exitcode0_accepted/map_13.txt,fuzzresults/maps/previous_maps/run_3/exitcode0_accepted/map_13.txt
3,04-09-2023 19:25,15,0,None,QWQRSWWERW,map_14.txt,.txt (Unformatted Text Document),None,C:/ST/JPacmanFuzz/fuzzresults/maps/previous_maps\run_3/exitcode0_accepted/map_14.txt,fuzzresults/maps/previous_maps/run_3/exitcode0_accepted/map_14.txt
3,04-09-2023 19:25,16,0,None,QWQRSWWERW,map_15.txt,.txt (Unformatted Text Document),None,C:/ST/JPacmanFuzz/fuzzresults/maps/previous_maps\run_3/exitcode0_accepted/map_15.txt,fuzzresults/maps/previous_maps/run_3/exitcode0_accepted/map_15.txt
3,04-09-2023 19:25,17,0,None,QWQRSWWERW,map_16.txt,.txt (Unformatted Text Document),None,C:/ST/JPacmanFuzz/fuzzresults/maps/previous_maps\run_3/exitcode0_accepted/map_16.txt,fuzzresults/maps/previous_maps/run_3/exitcode0_accepted/map_16.txt
3,04-09-2023 19:25,18,0,None,QWQRSWWERW,map_17.txt,.txt (Unformatted Text Document),None,C:/ST/JPacmanFuzz/fuzzresults/maps/previous_maps\run_3/exitcode0_accepted/map_17.txt,fuzzresults/maps/previous_maps/run_3/exitcode0_accepted/map_17.txt
3,04-09-2023 19:25,19,0,None,QWQRSWWERW,map_18.txt,.txt (Unformatted Text Document),None,C:/ST/JPacmanFuzz/fuzzresults/maps/previous_maps\run_3/exitcode0_accepted/map_18.txt,fuzzresults/maps/previous_maps/run_3/exitcode0_accepted/map_18.txt
3,04-09-2023 19:25,20,0,None,QWQRSWWERW,map_19.txt,.txt (Unformatted Text Document),None,C:/ST/JPacmanFuzz/fuzzresults/maps/previous_maps\run_3/exitcode0_accepted/map_19.txt,fuzzresults/maps/previous_maps/run_3/exitcode0_accepted/map_19.txt
3,04-09-2023 19:25,21,1,None,QWQRSWWERW,map_20.txt,.txt (Unformatted Text Document),None,C:/ST/JPacmanFuzz/fuzzresults/maps/previous_maps\run_3/exitcode1_crash/map_20.txt,fuzzresults/maps/previous_maps/run_3/exitcode1_crash/map_20.txt
3,04-09-2023 19:25,22,1,None,QWQRSWWERW,map_21.txt,.txt (Unformatted Text Document),None,C:/ST/JPacmanFuzz/fuzzresults/maps/previous_maps\run_3/exitcode1_crash/map_21.txt,fuzzresults/maps/previous_maps/run_3/exitcode1_crash/map_21.txt
3,04-09-2023 19:25,23,1,None,EWQRSWWERW,mapcopy_1.txt,.txt (Unformatted Text Document),None,C:/ST/JPacmanFuzz/fuzzresults/maps/previous_maps\run_3/exitcode1_crash/mapcopy_1.txt,fuzzresults/maps/previous_maps/run_3/exitcode1_crash/mapcopy_1.txt
3,04-09-2023 19:25,24,1,None,SWQRSWWERW,mapcopy_2.txt,.txt (Unformatted Text Document),None,C:/ST/JPacmanFuzz/fuzzresults/maps/previous_maps\run_3/exitcode1_crash/mapcopy_2.txt,fuzzresults/maps/previous_maps/run_3/exitcode1_crash/mapcopy_2.txt
3,04-09-2023 19:25,25,1,None,WWQRSWWERW,mapcopy_3.txt,.txt (Unformatted Text Document),None,C:/ST/JPacmanFuzz/fuzzresults/maps/previous_maps\run_3/exitcode1_crash/mapcopy_3.txt,fuzzresults/maps/previous_maps/run_3/exitcode1_crash/mapcopy_3.txt
3,04-09-2023 19:25,26,1,None,UWQRSWWERW,mapcopy_4.txt,.txt (Unformatted Text Document),None,C:/ST/JPacmanFuzz/fuzzresults/maps/previous_maps\run_3/exitcode1_crash/mapcopy_4.txt,fuzzresults/maps/previous_maps/run_3/exitcode1_crash/mapcopy_4.txt
3,04-09-2023 19:25,27,1,None,LWQRSWWERW,mapcopy_5.txt,.txt (Unformatted Text Document),None,C:/ST/JPacmanFuzz/fuzzresults/maps/previous_maps\run_3/exitcode1_crash/mapcopy_5.txt,fuzzresults/maps/previous_maps/run_3/exitcode1_crash/mapcopy_5.txt
3,04-09-2023 19:25,28,1,None,DWQRSWWERW,mapcopy_6.txt,.txt (Unformatted Text Document),None,C:/ST/JPacmanFuzz/fuzzresults/maps/previous_maps\run_3/exitcode1_crash/mapcopy_6.txt,fuzzresults/maps/previous_maps/run_3/exitcode1_crash/mapcopy_6.txt
3,04-09-2023 19:25,29,1,None,RWQRSWWERW,mapcopy_7.txt,.txt (Unformatted Text Document),None,C:/ST/JPacmanFuzz/fuzzresults/maps/previous_maps\run_3/exitcode1_crash/mapcopy_7.txt,fuzzresults/maps/previous_maps/run_3/exitcode1_crash/mapcopy_7.txt
3,04-09-2023 19:25,30,1,None,QEQRSWWERW,mapcopy_8.txt,.txt (Unformatted Text Document),None,C:/ST/JPacmanFuzz/fuzzresults/maps/previous_maps\run_3/exitcode1_crash/mapcopy_8.txt,fuzzresults/maps/previous_maps/run_3/exitcode1_crash/mapcopy_8.txt
3,04-09-2023 19:25,31,1,None,QQQRSWWERW,mapcopy_9.txt,.txt (Unformatted Text Document),None,C:/ST/JPacmanFuzz/fuzzresults/maps/previous_maps\run_3/exitcode1_crash/mapcopy_9.txt,fuzzresults/maps/previous_maps/run_3/exitcode1_crash/mapcopy_9.txt
3,04-09-2023 19:25,32,1,None,QSQRSWWERW,mapcopy_10.txt,.txt (Unformatted Text Document),None,C:/ST/JPacmanFuzz/fuzzresults/maps/previous_maps\run_3/exitcode1_crash/mapcopy_10.txt,fuzzresults/maps/previous_maps/run_3/exitcode1_crash/mapcopy_10.txt
3,04-09-2023 19:25,33,1,None,QUQRSWWERW,mapcopy_11.txt,.txt (Unformatted Text Document),None,C:/ST/JPacmanFuzz/fuzzresults/maps/previous_maps\run_3/exitcode1_crash/mapcopy_11.txt,fuzzresults/maps/previous_maps/run_3/exitcode1_crash/mapcopy_11.txt
3,04-09-2023 19:25,34,1,None,QLQRSWWERW,mapcopy_12.txt,.txt (Unformatted Text Document),None,C:/ST/JPacmanFuzz/fuzzresults/maps/previous_maps\run_3/exitcode1_crash/mapcopy_12.txt,fuzzresults/maps/previous_maps/run_3/exitcode1_crash/mapcopy_12.txt
3,04-09-2023 19:25,35,1,None,QDQRSWWERW,mapcopy_13.txt,.txt (Unformatted Text Document),None,C:/ST/JPacmanFuzz/fuzzresults/maps/previous_maps\run_3/exitcode1_crash/mapcopy_13.txt,fuzzresults/maps/previous_maps/run_3/exitcode1_crash/mapcopy_13.txt
3,04-09-2023 19:25,36,1,None,QRQRSWWERW,mapcopy_14.txt,.txt (Unformatted Text Document),None,C:/ST/JPacmanFuzz/fuzzresults/maps/previous_maps\run_3/exitcode1_crash/mapcopy_14.txt,fuzzresults/maps/previous_maps/run_3/exitcode1_crash/mapcopy_14.txt
3,04-09-2023 19:25,37,1,None,QWERSWWERW,mapcopy_15.txt,.txt (Unformatted Text Document),None,C:/ST/JPacmanFuzz/fuzzresults/maps/previous_maps\run_3/exitcode1_crash/mapcopy_15.txt,fuzzresults/maps/previous_maps/run_3/exitcode1_crash/mapcopy_15.txt
3,04-09-2023 19:25,38,-1,Invalid Move,QWSRSWWERW,mapcopy_16.txt,.txt (Unformatted Text Document),None,C:/ST/JPacmanFuzz/fuzzresults/maps/previous_maps\run_3/exitcodeX_unknown/mapcopy_16.txt,fuzzresults/maps/previous_maps/run_3/exitcodeX_unknown/mapcopy_16.txt
3,04-09-2023 19:25,39,1,None,QWWRSWWERW,mapcopy_17.txt,.txt (Unformatted Text Document),None,C:/ST/JPacmanFuzz/fuzzresults/maps/previous_maps\run_3/exitcode1_crash/mapcopy_17.txt,fuzzresults/maps/previous_maps/run_3/exitcode1_crash/mapcopy_17.txt
3,04-09-2023 19:25,40,1,None,QWURSWWERW,mapcopy_18.txt,.txt (Unformatted Text Document),None,C:/ST/JPacmanFuzz/fuzzresults/maps/previous_maps\run_3/exitcode1_crash/mapcopy_18.txt,fuzzresults/maps/previous_maps/run_3/exitcode1_crash/mapcopy_18.txt
3,04-09-2023 19:25,41,1,None,QWLRSWWERW,mapcopy_19.txt,.txt (Unformatted Text Document),None,C:/ST/JPacmanFuzz/fuzzresults/maps/previous_maps\run_3/exitcode1_crash/mapcopy_19.txt,fuzzresults/maps/previous_maps/run_3/exitcode1_crash/mapcopy_19.txt
3,04-09-2023 19:25,42,1,None,QWDRSWWERW,mapcopy_20.txt,.txt (Unformatted Text Document),None,C:/ST/JPacmanFuzz/fuzzresults/maps/previous_maps\run_3/exitcode1_crash/mapcopy_20.txt,fuzzresults/maps/previous_maps/run_3/exitcode1_crash/mapcopy_20.txt
3,04-09-2023 19:25,43,1,None,QWRRSWWERW,mapcopy_21.txt,.txt (Unformatted Text Document),None,C:/ST/JPacmanFuzz/fuzzresults/maps/previous_maps\run_3/exitcode1_crash/mapcopy_21.txt,fuzzresults/maps/previous_maps/run_3/exitcode1_crash/mapcopy_21.txt
3,04-09-2023 19:25,44,1,None,QWQESWWERW,mapcopy_22.txt,.txt (Unformatted Text Document),None,C:/ST/JPacmanFuzz/fuzzresults/maps/previous_maps\run_3/exitcode1_crash/mapcopy_22.txt,fuzzresults/maps/previous_maps/run_3/exitcode1_crash/mapcopy_22.txt
3,04-09-2023 19:25,45,1,None,QWQQSWWERW,mapcopy_23.txt,.txt (Unformatted Text Document),None,C:/ST/JPacmanFuzz/fuzzresults/maps/previous_maps\run_3/exitcode1_crash/mapcopy_23.txt,fuzzresults/maps/previous_maps/run_3/exitcode1_crash/mapcopy_23.txt
3,04-09-2023 19:25,46,1,None,QWQSSWWERW,mapcopy_24.txt,.txt (Unformatted Text Document),None,C:/ST/JPacmanFuzz/fuzzresults/maps/previous_maps\run_3/exitcode1_crash/mapcopy_24.txt,fuzzresults/maps/previous_maps/run_3/exitcode1_crash/mapcopy_24.txt
3,04-09-2023 19:25,47,1,None,QWQWSWWERW,mapcopy_25.txt,.txt (Unformatted Text Document),None,C:/ST/JPacmanFuzz/fuzzresults/maps/previous_maps\run_3/exitcode1_crash/mapcopy_25.txt,fuzzresults/maps/previous_maps/run_3/exitcode1_crash/mapcopy_25.txt
3,04-09-2023 19:25,48,1,None,QWQUSWWERW,mapcopy_26.txt,.txt (Unformatted Text Document),None,C:/ST/JPacmanFuzz/fuzzresults/maps/previous_maps\run_3/exitcode1_crash/mapcopy_26.txt,fuzzresults/maps/previous_maps/run_3/exitcode1_crash/mapcopy_26.txt
3,04-09-2023 19:25,49,1,None,QWQLSWWERW,mapcopy_27.txt,.txt (Unformatted Text Document),None,C:/ST/JPacmanFuzz/fuzzresults/maps/previous_maps\run_3/exitcode1_crash/mapcopy_27.txt,fuzzresults/maps/previous_maps/run_3/exitcode1_crash/mapcopy_27.txt
3,04-09-2023 19:25,50,1,None,QWQDSWWERW,mapcopy_28.txt,.txt (Unformatted Text Document),None,C:/ST/JPacmanFuzz/fuzzresults/maps/previous_maps\run_3/exitcode1_crash/mapcopy_28.txt,fuzzresults/maps/previous_maps/run_3/exitcode1_crash/mapcopy_28.txt
3,04-09-2023 19:25,51,0,None,QWQREWWERW,mapcopy_29.txt,.txt (Unformatted Text Document),None,C:/ST/JPacmanFuzz/fuzzresults/maps/previous_maps\run_3/exitcode0_accepted/mapcopy_29.txt,fuzzresults/maps/previous_maps/run_3/exitcode0_accepted/mapcopy_29.txt
3,04-09-2023 19:25,52,0,None,QWQRQWWERW,mapcopy_30.txt,.txt (Unformatted Text Document),None,C:/ST/JPacmanFuzz/fuzzresults/maps/previous_maps\run_3/exitcode0_accepted/mapcopy_30.txt,fuzzresults/maps/previous_maps/run_3/exitcode0_accepted/mapcopy_30.txt
3,04-09-2023 19:25,53,0,None,QWQRWWWERW,mapcopy_31.txt,.txt (Unformatted Text Document),None,C:/ST/JPacmanFuzz/fuzzresults/maps/previous_maps\run_3/exitcode0_accepted/mapcopy_31.txt,fuzzresults/maps/previous_maps/run_3/exitcode0_accepted/mapcopy_31.txt
3,04-09-2023 19:25,54,0,None,QWQRUWWERW,mapcopy_32.txt,.txt (Unformatted Text Document),None,C:/ST/JPacmanFuzz/fuzzresults/maps/previous_maps\run_3/exitcode0_accepted/mapcopy_32.txt,fuzzresults/maps/previous_maps/run_3/exitcode0_accepted/mapcopy_32.txt
3,04-09-2023 19:25,55,0,None,QWQRLWWERW,mapcopy_33.txt,.txt (Unformatted Text Document),None,C:/ST/JPacmanFuzz/fuzzresults/maps/previous_maps\run_3/exitcode0_accepted/mapcopy_33.txt,fuzzresults/maps/previous_maps/run_3/exitcode0_accepted/mapcopy_33.txt
3,04-09-2023 19:25,56,0,None,QWQRDWWERW,mapcopy_34.txt,.txt (Unformatted Text Document),None,C:/ST/JPacmanFuzz/fuzzresults/maps/previous_maps\run_3/exitcode0_accepted/mapcopy_34.txt,fuzzresults/maps/previous_maps/run_3/exitcode0_accepted/mapcopy_34.txt
3,04-09-2023 19:25,57,0,None,QWQRRWWERW,mapcopy_35.txt,.txt (Unformatted Text Document),None,C:/ST/JPacmanFuzz/fuzzresults/maps/previous_maps\run_3/exitcode0_accepted/mapcopy_35.txt,fuzzresults/maps/previous_maps/run_3/exitcode0_accepted/mapcopy_35.txt
3,04-09-2023 19:25,58,0,None,QWQRSEWERW,mapcopy_36.txt,.txt (Unformatted Text Document),None,C:/ST/JPacmanFuzz/fuzzresults/maps/previous_maps\run_3/exitcode0_accepted/mapcopy_36.txt,fuzzresults/maps/previous_maps/run_3/exitcode0_accepted/mapcopy_36.txt
3,04-09-2023 19:25,59,0,None,QWQRSQWERW,mapcopy_37.txt,.txt (Unformatted Text Document),None,C:/ST/JPacmanFuzz/fuzzresults/maps/previous_maps\run_3/exitcode0_accepted/mapcopy_37.txt,fuzzresults/maps/previous_maps/run_3/exitcode0_accepted/mapcopy_37.txt
3,04-09-2023 19:25,60,0,None,QWQRSSWERW,mapcopy_38.txt,.txt (Unformatted Text Document),None,C:/ST/JPacmanFuzz/fuzzresults/maps/previous_maps\run_3/exitcode0_accepted/mapcopy_38.txt,fuzzresults/maps/previous_maps/run_3/exitcode0_accepted/mapcopy_38.txt
3,04-09-2023 19:25,61,-1,Invalid Move,QWQRSUWERW,mapcopy_39.txt,.txt (Unformatted Text Document),None,C:/ST/JPacmanFuzz/fuzzresults/maps/previous_maps\run_3/exitcodeX_unknown/mapcopy_39.txt,fuzzresults/maps/previous_maps/run_3/exitcodeX_unknown/mapcopy_39.txt
3,04-09-2023 19:25,62,0,None,QWQRSLWERW,mapcopy_40.txt,.txt (Unformatted Text Document),None,C:/ST/JPacmanFuzz/fuzzresults/maps/previous_maps\run_3/exitcode0_accepted/mapcopy_40.txt,fuzzresults/maps/previous_maps/run_3/exitcode0_accepted/mapcopy_40.txt
3,04-09-2023 19:25,63,0,None,QWQRSDWERW,mapcopy_41.txt,.txt (Unformatted Text Document),None,C:/ST/JPacmanFuzz/fuzzresults/maps/previous_maps\run_3/exitcode0_accepted/mapcopy_41.txt,fuzzresults/maps/previous_maps/run_3/exitcode0_accepted/mapcopy_41.txt
3,04-09-2023 19:25,64,-1,Invalid Move,QWQRSRWERW,mapcopy_42.txt,.txt (Unformatted Text Document),None,C:/ST/JPacmanFuzz/fuzzresults/maps/previous_maps\run_3/exitcodeX_unknown/mapcopy_42.txt,fuzzresults/maps/previous_maps/run_3/exitcodeX_unknown/mapcopy_42.txt
3,04-09-2023 19:25,65,0,None,QWQRSWEERW,mapcopy_43.txt,.txt (Unformatted Text Document),None,C:/ST/JPacmanFuzz/fuzzresults/maps/previous_maps\run_3/exitcode0_accepted/mapcopy_43.txt,fuzzresults/maps/previous_maps/run_3/exitcode0_accepted/mapcopy_43.txt
3,04-09-2023 19:25,66,0,None,QWQRSWQERW,mapcopy_44.txt,.txt (Unformatted Text Document),None,C:/ST/JPacmanFuzz/fuzzresults/maps/previous_maps\run_3/exitcode0_accepted/mapcopy_44.txt,fuzzresults/maps/previous_maps/run_3/exitcode0_accepted/mapcopy_44.txt
3,04-09-2023 19:25,67,0,None,QWQRSWSERW,mapcopy_45.txt,.txt (Unformatted Text Document),None,C:/ST/JPacmanFuzz/fuzzresults/maps/previous_maps\run_3/exitcode0_accepted/mapcopy_45.txt,fuzzresults/maps/previous_maps/run_3/exitcode0_accepted/mapcopy_45.txt
3,04-09-2023 19:25,68,-1,Invalid Move,QWQRSWUERW,mapcopy_46.txt,.txt (Unformatted Text Document),None,C:/ST/JPacmanFuzz/fuzzresults/maps/previous_maps\run_3/exitcodeX_unknown/mapcopy_46.txt,fuzzresults/maps/previous_maps/run_3/exitcodeX_unknown/mapcopy_46.txt
3,04-09-2023 19:25,69,0,None,QWQRSWLERW,mapcopy_47.txt,.txt (Unformatted Text Document),None,C:/ST/JPacmanFuzz/fuzzresults/maps/previous_maps\run_3/exitcode0_accepted/mapcopy_47.txt,fuzzresults/maps/previous_maps/run_3/exitcode0_accepted/mapcopy_47.txt
3,04-09-2023 19:25,70,0,None,QWQRSWDERW,mapcopy_48.txt,.txt (Unformatted Text Document),None,C:/ST/JPacmanFuzz/fuzzresults/maps/previous_maps\run_3/exitcode0_accepted/mapcopy_48.txt,fuzzresults/maps/previous_maps/run_3/exitcode0_accepted/mapcopy_48.txt
3,04-09-2023 19:25,71,-1,Invalid Move,QWQRSWRERW,mapcopy_49.txt,.txt (Unformatted Text Document),None,C:/ST/JPacmanFuzz/fuzzresults/maps/previous_maps\run_3/exitcodeX_unknown/mapcopy_49.txt,fuzzresults/maps/previous_maps/run_3/exitcodeX_unknown/mapcopy_49.txt
3,04-09-2023 19:25,72,1,None,QWQRSWWEEW,mapcopy_50.txt,.txt (Unformatted Text Document),None,C:/ST/JPacmanFuzz/fuzzresults/maps/previous_maps\run_3/exitcode1_crash/mapcopy_50.txt,fuzzresults/maps/previous_maps/run_3/exitcode1_crash/mapcopy_50.txt
3,04-09-2023 19:25,73,1,None,QWQRSWWEQW,mapcopy_51.txt,.txt (Unformatted Text Document),None,C:/ST/JPacmanFuzz/fuzzresults/maps/previous_maps\run_3/exitcode1_crash/mapcopy_51.txt,fuzzresults/maps/previous_maps/run_3/exitcode1_crash/mapcopy_51.txt
3,04-09-2023 19:25,74,1,None,QWQRSWWEWW,mapcopy_52.txt,.txt (Unformatted Text Document),None,C:/ST/JPacmanFuzz/fuzzresults/maps/previous_maps\run_3/exitcode1_crash/mapcopy_52.txt,fuzzresults/maps/previous_maps/run_3/exitcode1_crash/mapcopy_52.txt
3,04-09-2023 19:25,75,1,None,QWQRSWWEUW,mapcopy_53.txt,.txt (Unformatted Text Document),None,C:/ST/JPacmanFuzz/fuzzresults/maps/previous_maps\run_3/exitcode1_crash/mapcopy_53.txt,fuzzresults/maps/previous_maps/run_3/exitcode1_crash/mapcopy_53.txt
3,04-09-2023 19:25,76,1,None,QWQRSWWELW,mapcopy_54.txt,.txt (Unformatted Text Document),None,C:/ST/JPacmanFuzz/fuzzresults/maps/previous_maps\run_3/exitcode1_crash/mapcopy_54.txt,fuzzresults/maps/previous_maps/run_3/exitcode1_crash/mapcopy_54.txt
3,04-09-2023 19:25,77,1,None,QWQRSWWEDW,mapcopy_55.txt,.txt (Unformatted Text Document),None,C:/ST/JPacmanFuzz/fuzzresults/maps/previous_maps\run_3/exitcode1_crash/mapcopy_55.txt,fuzzresults/maps/previous_maps/run_3/exitcode1_crash/mapcopy_55.txt
3,04-09-2023 19:25,78,1,None,QWQRSWWERE,mapcopy_56.txt,.txt (Unformatted Text Document),None,C:/ST/JPacmanFuzz/fuzzresults/maps/previous_maps\run_3/exitcode1_crash/mapcopy_56.txt,fuzzresults/maps/previous_maps/run_3/exitcode1_crash/mapcopy_56.txt
3,04-09-2023 19:25,79,1,None,QWQRSWWERQ,mapcopy_57.txt,.txt (Unformatted Text Document),None,C:/ST/JPacmanFuzz/fuzzresults/maps/previous_maps\run_3/exitcode1_crash/mapcopy_57.txt,fuzzresults/maps/previous_maps/run_3/exitcode1_crash/mapcopy_57.txt
3,04-09-2023 19:25,80,1,None,QWQRSWWERU,mapcopy_58.txt,.txt (Unformatted Text Document),None,C:/ST/JPacmanFuzz/fuzzresults/maps/previous_maps\run_3/exitcode1_crash/mapcopy_58.txt,fuzzresults/maps/previous_maps/run_3/exitcode1_crash/mapcopy_58.txt
3,04-09-2023 19:25,81,1,None,QWQRSWWERL,mapcopy_59.txt,.txt (Unformatted Text Document),None,C:/ST/JPacmanFuzz/fuzzresults/maps/previous_maps\run_3/exitcode1_crash/mapcopy_59.txt,fuzzresults/maps/previous_maps/run_3/exitcode1_crash/mapcopy_59.txt
3,04-09-2023 19:25,82,1,None,QWQRSWWERD,mapcopy_60.txt,.txt (Unformatted Text Document),None,C:/ST/JPacmanFuzz/fuzzresults/maps/previous_maps\run_3/exitcode1_crash/mapcopy_60.txt,fuzzresults/maps/previous_maps/run_3/exitcode1_crash/mapcopy_60.txt
3,04-09-2023 19:25,83,1,None,QWQRSWWERR,mapcopy_61.txt,.txt (Unformatted Text Document),None,C:/ST/JPacmanFuzz/fuzzresults/maps/previous_maps\run_3/exitcode1_crash/mapcopy_61.txt,fuzzresults/maps/previous_maps/run_3/exitcode1_crash/mapcopy_61.txt
4,04-09-2023 19:56,1,0,None,SDSWUELQLU,originalMap_4.txt,.txt (Unformatted Text Document),None,C:/ST/JPacmanFuzz/fuzzresults/maps/actual_maps/exitcode0_accepted/originalMap_4.txt,fuzzresults/maps/actual_maps/exitcode0_accepted/originalMap_4.txt
4,04-09-2023 19:56,2,0,None,SDSWUELQLU,map_1.txt,.txt (Unformatted Text Document),None,C:/ST/JPacmanFuzz/fuzzresults/maps/actual_maps/exitcode0_accepted/map_1.txt,fuzzresults/maps/actual_maps/exitcode0_accepted/map_1.txt
4,04-09-2023 19:56,3,0,None,SDSWUELQLU,map_2.txt,.txt (Unformatted Text Document),None,C:/ST/JPacmanFuzz/fuzzresults/maps/actual_maps/exitcode0_accepted/map_2.txt,fuzzresults/maps/actual_maps/exitcode0_accepted/map_2.txt
4,04-09-2023 19:56,4,0,None,SDSWUELQLU,map_3.txt,.txt (Unformatted Text Document),None,C:/ST/JPacmanFuzz/fuzzresults/maps/actual_maps/exitcode0_accepted/map_3.txt,fuzzresults/maps/actual_maps/exitcode0_accepted/map_3.txt
4,04-09-2023 19:56,5,0,None,SDSWUELQLU,map_4.txt,.txt (Unformatted Text Document),None,C:/ST/JPacmanFuzz/fuzzresults/maps/actual_maps/exitcode0_accepted/map_4.txt,fuzzresults/maps/actual_maps/exitcode0_accepted/map_4.txt
4,04-09-2023 19:56,6,0,None,SDSWUELQLU,map_5.txt,.txt (Unformatted Text Document),None,C:/ST/JPacmanFuzz/fuzzresults/maps/actual_maps/exitcode0_accepted/map_5.txt,fuzzresults/maps/actual_maps/exitcode0_accepted/map_5.txt
4,04-09-2023 19:56,7,0,None,SDSWUELQLU,map_6.txt,.txt (Unformatted Text Document),None,C:/ST/JPacmanFuzz/fuzzresults/maps/actual_maps/exitcode0_accepted/map_6.txt,fuzzresults/maps/actual_maps/exitcode0_accepted/map_6.txt
4,04-09-2023 19:56,8,0,None,SDSWUELQLU,map_7.txt,.txt (Unformatted Text Document),None,C:/ST/JPacmanFuzz/fuzzresults/maps/actual_maps/exitcode0_accepted/map_7.txt,fuzzresults/maps/actual_maps/exitcode0_accepted/map_7.txt
4,04-09-2023 19:56,9,0,None,SDSWUELQLU,map_8.txt,.txt (Unformatted Text Document),None,C:/ST/JPacmanFuzz/fuzzresults/maps/actual_maps/exitcode0_accepted/map_8.txt,fuzzresults/maps/actual_maps/exitcode0_accepted/map_8.txt
4,04-09-2023 19:56,10,0,None,SDSWUELQLU,map_9.txt,.txt (Unformatted Text Document),None,C:/ST/JPacmanFuzz/fuzzresults/maps/actual_maps/exitcode0_accepted/map_9.txt,fuzzresults/maps/actual_maps/exitcode0_accepted/map_9.txt
4,04-09-2023 19:56,11,0,None,SDSWUELQLU,map_10.txt,.txt (Unformatted Text Document),None,C:/ST/JPacmanFuzz/fuzzresults/maps/actual_maps/exitcode0_accepted/map_10.txt,fuzzresults/maps/actual_maps/exitcode0_accepted/map_10.txt
4,04-09-2023 19:56,12,1,None,SDSWUELQLU,map_11.txt,.txt (Unformatted Text Document),None,C:/ST/JPacmanFuzz/fuzzresults/maps/actual_maps/exitcode1_crash/map_11.txt,fuzzresults/maps/actual_maps/exitcode1_crash/map_11.txt
4,04-09-2023 19:56,13,0,None,SDSWUELQLU,map_12.txt,.txt (Unformatted Text Document),None,C:/ST/JPacmanFuzz/fuzzresults/maps/actual_maps/exitcode0_accepted/map_12.txt,fuzzresults/maps/actual_maps/exitcode0_accepted/map_12.txt
4,04-09-2023 19:56,14,0,None,SDSWUELQLU,map_13.txt,.txt (Unformatted Text Document),None,C:/ST/JPacmanFuzz/fuzzresults/maps/actual_maps/exitcode0_accepted/map_13.txt,fuzzresults/maps/actual_maps/exitcode0_accepted/map_13.txt
4,04-09-2023 19:56,15,0,None,SDSWUELQLU,map_14.txt,.txt (Unformatted Text Document),None,C:/ST/JPacmanFuzz/fuzzresults/maps/actual_maps/exitcode0_accepted/map_14.txt,fuzzresults/maps/actual_maps/exitcode0_accepted/map_14.txt
4,04-09-2023 19:56,16,0,None,SDSWUELQLU,map_15.txt,.txt (Unformatted Text Document),None,C:/ST/JPacmanFuzz/fuzzresults/maps/actual_maps/exitcode0_accepted/map_15.txt,fuzzresults/maps/actual_maps/exitcode0_accepted/map_15.txt
4,04-09-2023 19:56,17,0,None,SDSWUELQLU,map_16.txt,.txt (Unformatted Text Document),None,C:/ST/JPacmanFuzz/fuzzresults/maps/actual_maps/exitcode0_accepted/map_16.txt,fuzzresults/maps/actual_maps/exitcode0_accepted/map_16.txt
4,04-09-2023 19:56,18,0,None,SDSWUELQLU,map_17.txt,.txt (Unformatted Text Document),None,C:/ST/JPacmanFuzz/fuzzresults/maps/actual_maps/exitcode0_accepted/map_17.txt,fuzzresults/maps/actual_maps/exitcode0_accepted/map_17.txt
4,04-09-2023 19:56,19,0,None,SDSWUELQLU,map_18.txt,.txt (Unformatted Text Document),None,C:/ST/JPacmanFuzz/fuzzresults/maps/actual_maps/exitcode0_accepted/map_18.txt,fuzzresults/maps/actual_maps/exitcode0_accepted/map_18.txt
4,04-09-2023 19:56,20,0,None,SDSWUELQLU,map_19.txt,.txt (Unformatted Text Document),None,C:/ST/JPacmanFuzz/fuzzresults/maps/actual_maps/exitcode0_accepted/map_19.txt,fuzzresults/maps/actual_maps/exitcode0_accepted/map_19.txt
4,04-09-2023 19:56,21,-1,Invalid Move,SDSWUELQLU,map_20.txt,.txt (Unformatted Text Document),None,C:/ST/JPacmanFuzz/fuzzresults/maps/actual_maps/exitcodeX_unknown/map_20.txt,fuzzresults/maps/actual_maps/exitcodeX_unknown/map_20.txt
4,04-09-2023 19:56,22,0,None,SDSWUELQLU,map_21.txt,.txt (Unformatted Text Document),None,C:/ST/JPacmanFuzz/fuzzresults/maps/actual_maps/exitcode0_accepted/map_21.txt,fuzzresults/maps/actual_maps/exitcode0_accepted/map_21.txt
4,04-09-2023 19:56,23,0,None,SDSWUELQLU,map_22.txt,.txt (Unformatted Text Document),None,C:/ST/JPacmanFuzz/fuzzresults/maps/actual_maps/exitcode0_accepted/map_22.txt,fuzzresults/maps/actual_maps/exitcode0_accepted/map_22.txt
4,04-09-2023 19:56,24,0,None,SDSWUELQLU,map_23.txt,.txt (Unformatted Text Document),None,C:/ST/JPacmanFuzz/fuzzresults/maps/actual_maps/exitcode0_accepted/map_23.txt,fuzzresults/maps/actual_maps/exitcode0_accepted/map_23.txt
4,04-09-2023 19:56,25,0,None,SDSWUELQLU,map_24.txt,.txt (Unformatted Text Document),None,C:/ST/JPacmanFuzz/fuzzresults/maps/actual_maps/exitcode0_accepted/map_24.txt,fuzzresults/maps/actual_maps/exitcode0_accepted/map_24.txt
4,04-09-2023 19:56,26,0,None,SDSWUELQLU,map_25.txt,.txt (Unformatted Text Document),None,C:/ST/JPacmanFuzz/fuzzresults/maps/actual_maps/exitcode0_accepted/map_25.txt,fuzzresults/maps/actual_maps/exitcode0_accepted/map_25.txt
4,04-09-2023 19:56,27,0,None,SDSWUELQLU,map_26.txt,.txt (Unformatted Text Document),None,C:/ST/JPacmanFuzz/fuzzresults/maps/actual_maps/exitcode0_accepted/map_26.txt,fuzzresults/maps/actual_maps/exitcode0_accepted/map_26.txt
4,04-09-2023 19:56,28,0,None,SDSWUELQLU,map_27.txt,.txt (Unformatted Text Document),None,C:/ST/JPacmanFuzz/fuzzresults/maps/actual_maps/exitcode0_accepted/map_27.txt,fuzzresults/maps/actual_maps/exitcode0_accepted/map_27.txt
4,04-09-2023 19:56,29,0,None,SDSWUELQLU,map_28.txt,.txt (Unformatted Text Document),None,C:/ST/JPacmanFuzz/fuzzresults/maps/actual_maps/exitcode0_accepted/map_28.txt,fuzzresults/maps/actual_maps/exitcode0_accepted/map_28.txt
4,04-09-2023 19:56,30,1,None,SDSWUELQLU,map_29.txt,.txt (Unformatted Text Document),None,C:/ST/JPacmanFuzz/fuzzresults/maps/actual_maps/exitcode1_crash/map_29.txt,fuzzresults/maps/actual_maps/exitcode1_crash/map_29.txt
4,04-09-2023 19:56,31,0,None,SDSWUELQLU,map_30.txt,.txt (Unformatted Text Document),None,C:/ST/JPacmanFuzz/fuzzresults/maps/actual_maps/exitcode0_accepted/map_30.txt,fuzzresults/maps/actual_maps/exitcode0_accepted/map_30.txt
4,04-09-2023 19:56,32,-1,Invalid Move,EDSWUELQLU,mapcopy_1.txt,.txt (Unformatted Text Document),None,C:/ST/JPacmanFuzz/fuzzresults/maps/actual_maps/exitcodeX_unknown/mapcopy_1.txt,fuzzresults/maps/actual_maps/exitcodeX_unknown/mapcopy_1.txt
4,04-09-2023 19:56,33,-1,Invalid Move,QDSWUELQLU,mapcopy_2.txt,.txt (Unformatted Text Document),None,C:/ST/JPacmanFuzz/fuzzresults/maps/actual_maps/exitcodeX_unknown/mapcopy_2.txt,fuzzresults/maps/actual_maps/exitcodeX_unknown/mapcopy_2.txt
4,04-09-2023 19:56,34,-1,Invalid Move,WDSWUELQLU,mapcopy_3.txt,.txt (Unformatted Text Document),None,C:/ST/JPacmanFuzz/fuzzresults/maps/actual_maps/exitcodeX_unknown/mapcopy_3.txt,fuzzresults/maps/actual_maps/exitcodeX_unknown/mapcopy_3.txt
4,04-09-2023 19:56,35,-1,Invalid Move,UDSWUELQLU,mapcopy_4.txt,.txt (Unformatted Text Document),None,C:/ST/JPacmanFuzz/fuzzresults/maps/actual_maps/exitcodeX_unknown/mapcopy_4.txt,fuzzresults/maps/actual_maps/exitcodeX_unknown/mapcopy_4.txt
4,04-09-2023 19:56,36,-1,Invalid Move,LDSWUELQLU,mapcopy_5.txt,.txt (Unformatted Text Document),None,C:/ST/JPacmanFuzz/fuzzresults/maps/actual_maps/exitcodeX_unknown/mapcopy_5.txt,fuzzresults/maps/actual_maps/exitcodeX_unknown/mapcopy_5.txt
4,04-09-2023 19:56,37,-1,Invalid Move,DDSWUELQLU,mapcopy_6.txt,.txt (Unformatted Text Document),None,C:/ST/JPacmanFuzz/fuzzresults/maps/actual_maps/exitcodeX_unknown/mapcopy_6.txt,fuzzresults/maps/actual_maps/exitcodeX_unknown/mapcopy_6.txt
4,04-09-2023 19:56,38,-1,Invalid Move,RDSWUELQLU,mapcopy_7.txt,.txt (Unformatted Text Document),None,C:/ST/JPacmanFuzz/fuzzresults/maps/actual_maps/exitcodeX_unknown/mapcopy_7.txt,fuzzresults/maps/actual_maps/exitcodeX_unknown/mapcopy_7.txt
4,04-09-2023 19:56,39,-1,Invalid Move,SESWUELQLU,mapcopy_8.txt,.txt (Unformatted Text Document),None,C:/ST/JPacmanFuzz/fuzzresults/maps/actual_maps/exitcodeX_unknown/mapcopy_8.txt,fuzzresults/maps/actual_maps/exitcodeX_unknown/mapcopy_8.txt
4,04-09-2023 19:56,40,-1,Invalid Move,SQSWUELQLU,mapcopy_9.txt,.txt (Unformatted Text Document),None,C:/ST/JPacmanFuzz/fuzzresults/maps/actual_maps/exitcodeX_unknown/mapcopy_9.txt,fuzzresults/maps/actual_maps/exitcodeX_unknown/mapcopy_9.txt
4,04-09-2023 19:56,41,-1,Invalid Move,SSSWUELQLU,mapcopy_10.txt,.txt (Unformatted Text Document),None,C:/ST/JPacmanFuzz/fuzzresults/maps/actual_maps/exitcodeX_unknown/mapcopy_10.txt,fuzzresults/maps/actual_maps/exitcodeX_unknown/mapcopy_10.txt
4,04-09-2023 19:56,42,-1,Invalid Move,SWSWUELQLU,mapcopy_11.txt,.txt (Unformatted Text Document),None,C:/ST/JPacmanFuzz/fuzzresults/maps/actual_maps/exitcodeX_unknown/mapcopy_11.txt,fuzzresults/maps/actual_maps/exitcodeX_unknown/mapcopy_11.txt
4,04-09-2023 19:56,43,-1,Invalid Move,SUSWUELQLU,mapcopy_12.txt,.txt (Unformatted Text Document),None,C:/ST/JPacmanFuzz/fuzzresults/maps/actual_maps/exitcodeX_unknown/mapcopy_12.txt,fuzzresults/maps/actual_maps/exitcodeX_unknown/mapcopy_12.txt
4,04-09-2023 19:56,44,-1,Invalid Move,SLSWUELQLU,mapcopy_13.txt,.txt (Unformatted Text Document),None,C:/ST/JPacmanFuzz/fuzzresults/maps/actual_maps/exitcodeX_unknown/mapcopy_13.txt,fuzzresults/maps/actual_maps/exitcodeX_unknown/mapcopy_13.txt
4,04-09-2023 19:56,45,-1,Invalid Move,SRSWUELQLU,mapcopy_14.txt,.txt (Unformatted Text Document),None,C:/ST/JPacmanFuzz/fuzzresults/maps/actual_maps/exitcodeX_unknown/mapcopy_14.txt,fuzzresults/maps/actual_maps/exitcodeX_unknown/mapcopy_14.txt
4,04-09-2023 19:56,46,0,None,SDEWUELQLU,mapcopy_15.txt,.txt (Unformatted Text Document),None,C:/ST/JPacmanFuzz/fuzzresults/maps/actual_maps/exitcode0_accepted/mapcopy_15.txt,fuzzresults/maps/actual_maps/exitcode0_accepted/mapcopy_15.txt
4,04-09-2023 19:56,47,0,None,SDQWUELQLU,mapcopy_16.txt,.txt (Unformatted Text Document),None,C:/ST/JPacmanFuzz/fuzzresults/maps/actual_maps/exitcode0_accepted/mapcopy_16.txt,fuzzresults/maps/actual_maps/exitcode0_accepted/mapcopy_16.txt
4,04-09-2023 19:56,48,1,None,SDWWUELQLU,mapcopy_17.txt,.txt (Unformatted Text Document),None,C:/ST/JPacmanFuzz/fuzzresults/maps/actual_maps/exitcode1_crash/mapcopy_17.txt,fuzzresults/maps/actual_maps/exitcode1_crash/mapcopy_17.txt
4,04-09-2023 19:56,49,-1,Invalid Move,SDUWUELQLU,mapcopy_18.txt,.txt (Unformatted Text Document),None,C:/ST/JPacmanFuzz/fuzzresults/maps/actual_maps/exitcodeX_unknown/mapcopy_18.txt,fuzzresults/maps/actual_maps/exitcodeX_unknown/mapcopy_18.txt
4,04-09-2023 19:56,50,0,None,SDLWUELQLU,mapcopy_19.txt,.txt (Unformatted Text Document),None,C:/ST/JPacmanFuzz/fuzzresults/maps/actual_maps/exitcode0_accepted/mapcopy_19.txt,fuzzresults/maps/actual_maps/exitcode0_accepted/mapcopy_19.txt
4,04-09-2023 19:56,51,-1,Invalid Move,SDDWUELQLU,mapcopy_20.txt,.txt (Unformatted Text Document),None,C:/ST/JPacmanFuzz/fuzzresults/maps/actual_maps/exitcodeX_unknown/mapcopy_20.txt,fuzzresults/maps/actual_maps/exitcodeX_unknown/mapcopy_20.txt
4,04-09-2023 19:56,52,0,None,SDRWUELQLU,mapcopy_21.txt,.txt (Unformatted Text Document),None,C:/ST/JPacmanFuzz/fuzzresults/maps/actual_maps/exitcode0_accepted/mapcopy_21.txt,fuzzresults/maps/actual_maps/exitcode0_accepted/mapcopy_21.txt
4,04-09-2023 19:56,53,0,None,SDSEUELQLU,mapcopy_22.txt,.txt (Unformatted Text Document),None,C:/ST/JPacmanFuzz/fuzzresults/maps/actual_maps/exitcode0_accepted/mapcopy_22.txt,fuzzresults/maps/actual_maps/exitcode0_accepted/mapcopy_22.txt
4,04-09-2023 19:56,54,0,None,SDSQUELQLU,mapcopy_23.txt,.txt (Unformatted Text Document),None,C:/ST/JPacmanFuzz/fuzzresults/maps/actual_maps/exitcode0_accepted/mapcopy_23.txt,fuzzresults/maps/actual_maps/exitcode0_accepted/mapcopy_23.txt
4,04-09-2023 19:56,55,0,None,SDSSUELQLU,mapcopy_24.txt,.txt (Unformatted Text Document),None,C:/ST/JPacmanFuzz/fuzzresults/maps/actual_maps/exitcode0_accepted/mapcopy_24.txt,fuzzresults/maps/actual_maps/exitcode0_accepted/mapcopy_24.txt
4,04-09-2023 19:56,56,-1,Invalid Move,SDSUUELQLU,mapcopy_25.txt,.txt (Unformatted Text Document),None,C:/ST/JPacmanFuzz/fuzzresults/maps/actual_maps/exitcodeX_unknown/mapcopy_25.txt,fuzzresults/maps/actual_maps/exitcodeX_unknown/mapcopy_25.txt
4,04-09-2023 19:56,57,0,None,SDSLUELQLU,mapcopy_26.txt,.txt (Unformatted Text Document),None,C:/ST/JPacmanFuzz/fuzzresults/maps/actual_maps/exitcode0_accepted/mapcopy_26.txt,fuzzresults/maps/actual_maps/exitcode0_accepted/mapcopy_26.txt
4,04-09-2023 19:56,58,-1,Invalid Move,SDSDUELQLU,mapcopy_27.txt,.txt (Unformatted Text Document),None,C:/ST/JPacmanFuzz/fuzzresults/maps/actual_maps/exitcodeX_unknown/mapcopy_27.txt,fuzzresults/maps/actual_maps/exitcodeX_unknown/mapcopy_27.txt
4,04-09-2023 19:56,59,0,None,SDSRUELQLU,mapcopy_28.txt,.txt (Unformatted Text Document),None,C:/ST/JPacmanFuzz/fuzzresults/maps/actual_maps/exitcode0_accepted/mapcopy_28.txt,fuzzresults/maps/actual_maps/exitcode0_accepted/mapcopy_28.txt
4,04-09-2023 19:56,60,0,None,SDSWEELQLU,mapcopy_29.txt,.txt (Unformatted Text Document),None,C:/ST/JPacmanFuzz/fuzzresults/maps/actual_maps/exitcode0_accepted/mapcopy_29.txt,fuzzresults/maps/actual_maps/exitcode0_accepted/mapcopy_29.txt
4,04-09-2023 19:56,61,0,None,SDSWQELQLU,mapcopy_30.txt,.txt (Unformatted Text Document),None,C:/ST/JPacmanFuzz/fuzzresults/maps/actual_maps/exitcode0_accepted/mapcopy_30.txt,fuzzresults/maps/actual_maps/exitcode0_accepted/mapcopy_30.txt
4,04-09-2023 19:56,62,1,None,SDSWSELQLU,mapcopy_31.txt,.txt (Unformatted Text Document),None,C:/ST/JPacmanFuzz/fuzzresults/maps/actual_maps/exitcode1_crash/mapcopy_31.txt,fuzzresults/maps/actual_maps/exitcode1_crash/mapcopy_31.txt
4,04-09-2023 19:56,63,1,None,SDSWWELQLU,mapcopy_32.txt,.txt (Unformatted Text Document),None,C:/ST/JPacmanFuzz/fuzzresults/maps/actual_maps/exitcode1_crash/mapcopy_32.txt,fuzzresults/maps/actual_maps/exitcode1_crash/mapcopy_32.txt
4,04-09-2023 19:56,64,0,None,SDSWLELQLU,mapcopy_33.txt,.txt (Unformatted Text Document),None,C:/ST/JPacmanFuzz/fuzzresults/maps/actual_maps/exitcode0_accepted/mapcopy_33.txt,fuzzresults/maps/actual_maps/exitcode0_accepted/mapcopy_33.txt
4,04-09-2023 19:56,65,-1,Invalid Move,SDSWDELQLU,mapcopy_34.txt,.txt (Unformatted Text Document),None,C:/ST/JPacmanFuzz/fuzzresults/maps/actual_maps/exitcodeX_unknown/mapcopy_34.txt,fuzzresults/maps/actual_maps/exitcodeX_unknown/mapcopy_34.txt
4,04-09-2023 19:56,66,0,None,SDSWRELQLU,mapcopy_35.txt,.txt (Unformatted Text Document),None,C:/ST/JPacmanFuzz/fuzzresults/maps/actual_maps/exitcode0_accepted/mapcopy_35.txt,fuzzresults/maps/actual_maps/exitcode0_accepted/mapcopy_35.txt
4,04-09-2023 19:56,67,0,None,SDSWUEEQLU,mapcopy_36.txt,.txt (Unformatted Text Document),None,C:/ST/JPacmanFuzz/fuzzresults/maps/actual_maps/exitcode0_accepted/mapcopy_36.txt,fuzzresults/maps/actual_maps/exitcode0_accepted/mapcopy_36.txt
4,04-09-2023 19:56,68,0,None,SDSWUEQQLU,mapcopy_37.txt,.txt (Unformatted Text Document),None,C:/ST/JPacmanFuzz/fuzzresults/maps/actual_maps/exitcode0_accepted/mapcopy_37.txt,fuzzresults/maps/actual_maps/exitcode0_accepted/mapcopy_37.txt
4,04-09-2023 19:56,69,0,None,SDSWUESQLU,mapcopy_38.txt,.txt (Unformatted Text Document),None,C:/ST/JPacmanFuzz/fuzzresults/maps/actual_maps/exitcode0_accepted/mapcopy_38.txt,fuzzresults/maps/actual_maps/exitcode0_accepted/mapcopy_38.txt
4,04-09-2023 19:56,70,0,None,SDSWUEWQLU,mapcopy_39.txt,.txt (Unformatted Text Document),None,C:/ST/JPacmanFuzz/fuzzresults/maps/actual_maps/exitcode0_accepted/mapcopy_39.txt,fuzzresults/maps/actual_maps/exitcode0_accepted/mapcopy_39.txt
4,04-09-2023 19:56,71,0,None,SDSWUEUQLU,mapcopy_40.txt,.txt (Unformatted Text Document),None,C:/ST/JPacmanFuzz/fuzzresults/maps/actual_maps/exitcode0_accepted/mapcopy_40.txt,fuzzresults/maps/actual_maps/exitcode0_accepted/mapcopy_40.txt
4,04-09-2023 19:56,72,0,None,SDSWUEDQLU,mapcopy_41.txt,.txt (Unformatted Text Document),None,C:/ST/JPacmanFuzz/fuzzresults/maps/actual_maps/exitcode0_accepted/mapcopy_41.txt,fuzzresults/maps/actual_maps/exitcode0_accepted/mapcopy_41.txt
4,04-09-2023 19:56,73,0,None,SDSWUERQLU,mapcopy_42.txt,.txt (Unformatted Text Document),None,C:/ST/JPacmanFuzz/fuzzresults/maps/actual_maps/exitcode0_accepted/mapcopy_42.txt,fuzzresults/maps/actual_maps/exitcode0_accepted/mapcopy_42.txt
4,04-09-2023 19:56,74,0,None,SDSWUELELU,mapcopy_43.txt,.txt (Unformatted Text Document),None,C:/ST/JPacmanFuzz/fuzzresults/maps/actual_maps/exitcode0_accepted/mapcopy_43.txt,fuzzresults/maps/actual_maps/exitcode0_accepted/mapcopy_43.txt
4,04-09-2023 19:56,75,0,None,SDSWUELWLU,mapcopy_44.txt,.txt (Unformatted Text Document),None,C:/ST/JPacmanFuzz/fuzzresults/maps/actual_maps/exitcode0_accepted/mapcopy_44.txt,fuzzresults/maps/actual_maps/exitcode0_accepted/mapcopy_44.txt
4,04-09-2023 19:56,76,0,None,SDSWUELULU,mapcopy_45.txt,.txt (Unformatted Text Document),None,C:/ST/JPacmanFuzz/fuzzresults/maps/actual_maps/exitcode0_accepted/mapcopy_45.txt,fuzzresults/maps/actual_maps/exitcode0_accepted/mapcopy_45.txt
4,04-09-2023 19:56,77,0,None,SDSWUELLLU,mapcopy_46.txt,.txt (Unformatted Text Document),None,C:/ST/JPacmanFuzz/fuzzresults/maps/actual_maps/exitcode0_accepted/mapcopy_46.txt,fuzzresults/maps/actual_maps/exitcode0_accepted/mapcopy_46.txt
4,04-09-2023 19:56,78,0,None,SDSWUELDLU,mapcopy_47.txt,.txt (Unformatted Text Document),None,C:/ST/JPacmanFuzz/fuzzresults/maps/actual_maps/exitcode0_accepted/mapcopy_47.txt,fuzzresults/maps/actual_maps/exitcode0_accepted/mapcopy_47.txt
4,04-09-2023 19:56,79,0,None,SDSWUELRLU,mapcopy_48.txt,.txt (Unformatted Text Document),None,C:/ST/JPacmanFuzz/fuzzresults/maps/actual_maps/exitcode0_accepted/mapcopy_48.txt,fuzzresults/maps/actual_maps/exitcode0_accepted/mapcopy_48.txt
4,04-09-2023 19:56,80,0,None,SDSWUELQEU,mapcopy_49.txt,.txt (Unformatted Text Document),None,C:/ST/JPacmanFuzz/fuzzresults/maps/actual_maps/exitcode0_accepted/mapcopy_49.txt,fuzzresults/maps/actual_maps/exitcode0_accepted/mapcopy_49.txt
4,04-09-2023 19:56,81,0,None,SDSWUELQQU,mapcopy_50.txt,.txt (Unformatted Text Document),None,C:/ST/JPacmanFuzz/fuzzresults/maps/actual_maps/exitcode0_accepted/mapcopy_50.txt,fuzzresults/maps/actual_maps/exitcode0_accepted/mapcopy_50.txt
4,04-09-2023 19:56,82,0,None,SDSWUELQWU,mapcopy_51.txt,.txt (Unformatted Text Document),None,C:/ST/JPacmanFuzz/fuzzresults/maps/actual_maps/exitcode0_accepted/mapcopy_51.txt,fuzzresults/maps/actual_maps/exitcode0_accepted/mapcopy_51.txt
4,04-09-2023 19:56,83,0,None,SDSWUELQUU,mapcopy_52.txt,.txt (Unformatted Text Document),None,C:/ST/JPacmanFuzz/fuzzresults/maps/actual_maps/exitcode0_accepted/mapcopy_52.txt,fuzzresults/maps/actual_maps/exitcode0_accepted/mapcopy_52.txt
4,04-09-2023 19:56,84,0,None,SDSWUELQDU,mapcopy_53.txt,.txt (Unformatted Text Document),None,C:/ST/JPacmanFuzz/fuzzresults/maps/actual_maps/exitcode0_accepted/mapcopy_53.txt,fuzzresults/maps/actual_maps/exitcode0_accepted/mapcopy_53.txt
4,04-09-2023 19:56,85,0,None,SDSWUELQRU,mapcopy_54.txt,.txt (Unformatted Text Document),None,C:/ST/JPacmanFuzz/fuzzresults/maps/actual_maps/exitcode0_accepted/mapcopy_54.txt,fuzzresults/maps/actual_maps/exitcode0_accepted/mapcopy_54.txt
4,04-09-2023 19:56,86,0,None,SDSWUELQLE,mapcopy_55.txt,.txt (Unformatted Text Document),None,C:/ST/JPacmanFuzz/fuzzresults/maps/actual_maps/exitcode0_accepted/mapcopy_55.txt,fuzzresults/maps/actual_maps/exitcode0_accepted/mapcopy_55.txt
4,04-09-2023 19:56,87,0,None,SDSWUELQLQ,mapcopy_56.txt,.txt (Unformatted Text Document),None,C:/ST/JPacmanFuzz/fuzzresults/maps/actual_maps/exitcode0_accepted/mapcopy_56.txt,fuzzresults/maps/actual_maps/exitcode0_accepted/mapcopy_56.txt
4,04-09-2023 19:56,88,1,None,SDSWUELQLW,mapcopy_57.txt,.txt (Unformatted Text Document),None,C:/ST/JPacmanFuzz/fuzzresults/maps/actual_maps/exitcode1_crash/mapcopy_57.txt,fuzzresults/maps/actual_maps/exitcode1_crash/mapcopy_57.txt
4,04-09-2023 19:56,89,0,None,SDSWUELQLL,mapcopy_58.txt,.txt (Unformatted Text Document),None,C:/ST/JPacmanFuzz/fuzzresults/maps/actual_maps/exitcode0_accepted/mapcopy_58.txt,fuzzresults/maps/actual_maps/exitcode0_accepted/mapcopy_58.txt
4,04-09-2023 19:56,90,0,None,SDSWUELQLD,mapcopy_59.txt,.txt (Unformatted Text Document),None,C:/ST/JPacmanFuzz/fuzzresults/maps/actual_maps/exitcode0_accepted/mapcopy_59.txt,fuzzresults/maps/actual_maps/exitcode0_accepted/mapcopy_59.txt
4,04-09-2023 19:56,91,0,None,SDSWUELQLR,mapcopy_60.txt,.txt (Unformatted Text Document),None,C:/ST/JPacmanFuzz/fuzzresults/maps/actual_maps/exitcode0_accepted/mapcopy_60.txt,fuzzresults/maps/actual_maps/exitcode0_accepted/mapcopy_60.txt
